Start Time, Fri Feb 27 16:55:24 GMT+0000 2026
Energy calibration,  Offset: 0, Slope: 1, Quadratic: 0
Live Time (s), 250637.02734
Real Time (s), 250668.699227
Elapsed Computational, 0
Spectrum
Channel, Energy (keV), Counts
1, 1, 0
2, 2, 0
3, 3, 0
4, 4, 0
5, 5, 0
6, 6, 0
7, 7, 0
8, 8, 0
9, 9, 0
10, 10, 2553
11, 11, 2429
12, 12, 2345
13, 13, 2195
14, 14, 2170
15, 15, 2076
16, 16, 2095
17, 17, 2091
18, 18, 2171
19, 19, 2131
20, 20, 2129
21, 21, 2217
22, 22, 2276
23, 23, 2146
24, 24, 2209
25, 25, 2260
26, 26, 2236
27, 27, 2238
28, 28, 2318
29, 29, 2185
30, 30, 2166
31, 31, 2352
32, 32, 2276
33, 33, 2245
34, 34, 2177
35, 35, 2101
36, 36, 2174
37, 37, 2198
38, 38, 2261
39, 39, 2171
40, 40, 2202
41, 41, 2351
42, 42, 2474
43, 43, 2384
44, 44, 2359
45, 45, 2341
46, 46, 2383
47, 47, 2410
48, 48, 2477
49, 49, 2402
50, 50, 2371
51, 51, 2359
52, 52, 2438
53, 53, 2405
54, 54, 2349
55, 55, 2346
56, 56, 2451
57, 57, 2472
58, 58, 2444
59, 59, 2500
60, 60, 2611
61, 61, 2618
62, 62, 2727
63, 63, 2821
64, 64, 2963
65, 65, 3082
66, 66, 3278
67, 67, 3470
68, 68, 3444
69, 69, 3576
70, 70, 3655
71, 71, 3706
72, 72, 3793
73, 73, 3722
74, 74, 3718
75, 75, 3614
76, 76, 3486
77, 77, 3311
78, 78, 3282
79, 79, 3210
80, 80, 3205
81, 81, 3033
82, 82, 3053
83, 83, 3086
84, 84, 3074
85, 85, 3055
86, 86, 3159
87, 87, 3321
88, 88, 3161
89, 89, 3249
90, 90, 3297
91, 91, 3352
92, 92, 3401
93, 93, 3372
94, 94, 3591
95, 95, 3740
96, 96, 3856
97, 97, 3916
98, 98, 4252
99, 99, 4470
100, 100, 4673
101, 101, 5087
102, 102, 5508
103, 103, 6033
104, 104, 6413
105, 105, 7027
106, 106, 7535
107, 107, 8241
108, 108, 8621
109, 109, 9132
110, 110, 9447
111, 111, 9731
112, 112, 9984
113, 113, 9964
114, 114, 9905
115, 115, 9772
116, 116, 9573
117, 117, 9236
118, 118, 8996
119, 119, 8782
120, 120, 8583
121, 121, 8158
122, 122, 7705
123, 123, 7645
124, 124, 7522
125, 125, 7261
126, 126, 6975
127, 127, 6947
128, 128, 6854
129, 129, 6622
130, 130, 6302
131, 131, 6107
132, 132, 6007
133, 133, 5795
134, 134, 5461
135, 135, 5366
136, 136, 5091
137, 137, 4895
138, 138, 4864
139, 139, 4702
140, 140, 4459
141, 141, 4459
142, 142, 4428
143, 143, 4249
144, 144, 4243
145, 145, 4254
146, 146, 4157
147, 147, 4274
148, 148, 4151
149, 149, 4017
150, 150, 4080
151, 151, 4019
152, 152, 4144
153, 153, 4040
154, 154, 4128
155, 155, 4121
156, 156, 4130
157, 157, 4014
158, 158, 4155
159, 159, 4133
160, 160, 4084
161, 161, 4142
162, 162, 4004
163, 163, 4020
164, 164, 4103
165, 165, 4132
166, 166, 4099
167, 167, 4075
168, 168, 3980
169, 169, 4150
170, 170, 4047
171, 171, 4071
172, 172, 4077
173, 173, 4145
174, 174, 4111
175, 175, 4142
176, 176, 3995
177, 177, 4179
178, 178, 4145
179, 179, 3978
180, 180, 4180
181, 181, 4143
182, 182, 4064
183, 183, 4028
184, 184, 4022
185, 185, 4073
186, 186, 4035
187, 187, 3955
188, 188, 3931
189, 189, 3990
190, 190, 4076
191, 191, 3990
192, 192, 4074
193, 193, 3921
194, 194, 4137
195, 195, 4027
196, 196, 3907
197, 197, 4017
198, 198, 3976
199, 199, 3884
200, 200, 3957
201, 201, 3894
202, 202, 3929
203, 203, 3896
204, 204, 3898
205, 205, 3987
206, 206, 3869
207, 207, 3979
208, 208, 3892
209, 209, 3952
210, 210, 3817
211, 211, 3808
212, 212, 3910
213, 213, 3893
214, 214, 3734
215, 215, 3916
216, 216, 3759
217, 217, 3783
218, 218, 3840
219, 219, 3830
220, 220, 3829
221, 221, 3666
222, 222, 3591
223, 223, 3823
224, 224, 3735
225, 225, 3702
226, 226, 3775
227, 227, 3733
228, 228, 3748
229, 229, 3619
230, 230, 3683
231, 231, 3659
232, 232, 3701
233, 233, 3634
234, 234, 3509
235, 235, 3625
236, 236, 3623
237, 237, 3571
238, 238, 3639
239, 239, 3701
240, 240, 3718
241, 241, 3617
242, 242, 3607
243, 243, 3595
244, 244, 3586
245, 245, 3613
246, 246, 3660
247, 247, 3661
248, 248, 3563
249, 249, 3546
250, 250, 3494
251, 251, 3551
252, 252, 3547
253, 253, 3608
254, 254, 3532
255, 255, 3506
256, 256, 3639
257, 257, 3602
258, 258, 3502
259, 259, 3523
260, 260, 3542
261, 261, 3522
262, 262, 3437
263, 263, 3488
264, 264, 3475
265, 265, 3475
266, 266, 3444
267, 267, 3538
268, 268, 3450
269, 269, 3477
270, 270, 3460
271, 271, 3318
272, 272, 3449
273, 273, 3369
274, 274, 3368
275, 275, 3441
276, 276, 3492
277, 277, 3526
278, 278, 3407
279, 279, 3549
280, 280, 3437
281, 281, 3379
282, 282, 3341
283, 283, 3399
284, 284, 3500
285, 285, 3414
286, 286, 3443
287, 287, 3411
288, 288, 3307
289, 289, 3544
290, 290, 3423
291, 291, 3495
292, 292, 3436
293, 293, 3341
294, 294, 3402
295, 295, 3391
296, 296, 3472
297, 297, 3428
298, 298, 3417
299, 299, 3312
300, 300, 3459
301, 301, 3346
302, 302, 3437
303, 303, 3457
304, 304, 3447
305, 305, 3547
306, 306, 3442
307, 307, 3366
308, 308, 3333
309, 309, 3444
310, 310, 3418
311, 311, 3470
312, 312, 3425
313, 313, 3470
314, 314, 3427
315, 315, 3518
316, 316, 3380
317, 317, 3355
318, 318, 3353
319, 319, 3446
320, 320, 3387
321, 321, 3404
322, 322, 3433
323, 323, 3493
324, 324, 3429
325, 325, 3430
326, 326, 3474
327, 327, 3456
328, 328, 3430
329, 329, 3261
330, 330, 3390
331, 331, 3388
332, 332, 3386
333, 333, 3300
334, 334, 3347
335, 335, 3411
336, 336, 3400
337, 337, 3308
338, 338, 3359
339, 339, 3287
340, 340, 3279
341, 341, 3212
342, 342, 3218
343, 343, 3232
344, 344, 3206
345, 345, 3248
346, 346, 3208
347, 347, 3177
348, 348, 3146
349, 349, 3146
350, 350, 3141
351, 351, 3052
352, 352, 3168
353, 353, 3186
354, 354, 3077
355, 355, 3119
356, 356, 3184
357, 357, 3062
358, 358, 3118
359, 359, 3143
360, 360, 2986
361, 361, 3099
362, 362, 3128
363, 363, 2891
364, 364, 2973
365, 365, 2974
366, 366, 3040
367, 367, 2909
368, 368, 2879
369, 369, 2950
370, 370, 2956
371, 371, 2861
372, 372, 2936
373, 373, 2954
374, 374, 2889
375, 375, 2927
376, 376, 2963
377, 377, 3001
378, 378, 2932
379, 379, 2892
380, 380, 2935
381, 381, 2848
382, 382, 2833
383, 383, 2811
384, 384, 2875
385, 385, 2796
386, 386, 2881
387, 387, 2940
388, 388, 2926
389, 389, 2893
390, 390, 2798
391, 391, 2740
392, 392, 2727
393, 393, 2843
394, 394, 2865
395, 395, 2819
396, 396, 2860
397, 397, 2851
398, 398, 2849
399, 399, 2804
400, 400, 2772
401, 401, 2736
402, 402, 2826
403, 403, 2853
404, 404, 2789
405, 405, 2824
406, 406, 2793
407, 407, 2630
408, 408, 2862
409, 409, 2716
410, 410, 2690
411, 411, 2780
412, 412, 2660
413, 413, 2759
414, 414, 2807
415, 415, 2703
416, 416, 2647
417, 417, 2741
418, 418, 2710
419, 419, 2751
420, 420, 2749
421, 421, 2708
422, 422, 2681
423, 423, 2631
424, 424, 2743
425, 425, 2685
426, 426, 2555
427, 427, 2573
428, 428, 2692
429, 429, 2560
430, 430, 2643
431, 431, 2692
432, 432, 2606
433, 433, 2672
434, 434, 2636
435, 435, 2559
436, 436, 2522
437, 437, 2592
438, 438, 2577
439, 439, 2483
440, 440, 2587
441, 441, 2612
442, 442, 2490
443, 443, 2557
444, 444, 2463
445, 445, 2467
446, 446, 2549
447, 447, 2493
448, 448, 2534
449, 449, 2528
450, 450, 2503
451, 451, 2483
452, 452, 2539
453, 453, 2495
454, 454, 2467
455, 455, 2438
456, 456, 2490
457, 457, 2572
458, 458, 2483
459, 459, 2509
460, 460, 2475
461, 461, 2499
462, 462, 2439
463, 463, 2453
464, 464, 2517
465, 465, 2625
466, 466, 2480
467, 467, 2438
468, 468, 2539
469, 469, 2522
470, 470, 2500
471, 471, 2578
472, 472, 2455
473, 473, 2461
474, 474, 2477
475, 475, 2483
476, 476, 2495
477, 477, 2436
478, 478, 2493
479, 479, 2421
480, 480, 2484
481, 481, 2461
482, 482, 2478
483, 483, 2390
484, 484, 2483
485, 485, 2403
486, 486, 2374
487, 487, 2411
488, 488, 2441
489, 489, 2397
490, 490, 2420
491, 491, 2379
492, 492, 2439
493, 493, 2401
494, 494, 2368
495, 495, 2381
496, 496, 2321
497, 497, 2270
498, 498, 2343
499, 499, 2384
500, 500, 2274
501, 501, 2310
502, 502, 2234
503, 503, 2304
504, 504, 2312
505, 505, 2312
506, 506, 2287
507, 507, 2265
508, 508, 2212
509, 509, 2260
510, 510, 2296
511, 511, 2240
512, 512, 2255
513, 513, 2230
514, 514, 2212
515, 515, 2175
516, 516, 2143
517, 517, 2321
518, 518, 2192
519, 519, 2258
520, 520, 2235
521, 521, 2247
522, 522, 2167
523, 523, 2242
524, 524, 2148
525, 525, 2184
526, 526, 2135
527, 527, 2175
528, 528, 2165
529, 529, 2216
530, 530, 2244
531, 531, 2203
532, 532, 2268
533, 533, 2212
534, 534, 2161
535, 535, 2184
536, 536, 2128
537, 537, 2261
538, 538, 2217
539, 539, 2161
540, 540, 2167
541, 541, 2117
542, 542, 2147
543, 543, 2128
544, 544, 2211
545, 545, 2190
546, 546, 2131
547, 547, 2114
548, 548, 2082
549, 549, 2089
550, 550, 2251
551, 551, 2127
552, 552, 2169
553, 553, 2205
554, 554, 2067
555, 555, 2221
556, 556, 2154
557, 557, 2077
558, 558, 2106
559, 559, 2120
560, 560, 2083
561, 561, 2081
562, 562, 2128
563, 563, 2021
564, 564, 2060
565, 565, 2120
566, 566, 2096
567, 567, 2009
568, 568, 1979
569, 569, 2112
570, 570, 2089
571, 571, 2159
572, 572, 2189
573, 573, 2113
574, 574, 2122
575, 575, 2016
576, 576, 2160
577, 577, 2189
578, 578, 2128
579, 579, 2051
580, 580, 2085
581, 581, 2075
582, 582, 1998
583, 583, 2151
584, 584, 2028
585, 585, 2006
586, 586, 2085
587, 587, 2028
588, 588, 2031
589, 589, 1967
590, 590, 2101
591, 591, 1943
592, 592, 2004
593, 593, 2100
594, 594, 2015
595, 595, 2004
596, 596, 2006
597, 597, 2042
598, 598, 2108
599, 599, 2001
600, 600, 2001
601, 601, 1989
602, 602, 2058
603, 603, 2012
604, 604, 1968
605, 605, 2007
606, 606, 2032
607, 607, 2039
608, 608, 1991
609, 609, 2031
610, 610, 2007
611, 611, 2070
612, 612, 1979
613, 613, 2108
614, 614, 1956
615, 615, 1954
616, 616, 1975
617, 617, 1903
618, 618, 2027
619, 619, 1950
620, 620, 1948
621, 621, 1876
622, 622, 1917
623, 623, 1958
624, 624, 2003
625, 625, 1978
626, 626, 1987
627, 627, 2034
628, 628, 2045
629, 629, 2027
630, 630, 1987
631, 631, 1999
632, 632, 2055
633, 633, 2033
634, 634, 2048
635, 635, 1999
636, 636, 1923
637, 637, 1997
638, 638, 1956
639, 639, 1937
640, 640, 1947
641, 641, 1964
642, 642, 1961
643, 643, 2020
644, 644, 1995
645, 645, 1947
646, 646, 1977
647, 647, 1972
648, 648, 2001
649, 649, 1902
650, 650, 1984
651, 651, 1983
652, 652, 1975
653, 653, 2094
654, 654, 1990
655, 655, 1959
656, 656, 2037
657, 657, 2051
658, 658, 1950
659, 659, 2002
660, 660, 2034
661, 661, 2049
662, 662, 1997
663, 663, 2034
664, 664, 2039
665, 665, 2138
666, 666, 2040
667, 667, 1948
668, 668, 2061
669, 669, 2127
670, 670, 2005
671, 671, 2090
672, 672, 2042
673, 673, 2055
674, 674, 2106
675, 675, 2139
676, 676, 1962
677, 677, 2030
678, 678, 2070
679, 679, 2101
680, 680, 2063
681, 681, 2099
682, 682, 2073
683, 683, 2083
684, 684, 2070
685, 685, 2058
686, 686, 2083
687, 687, 2051
688, 688, 2041
689, 689, 2048
690, 690, 2108
691, 691, 2065
692, 692, 2043
693, 693, 2020
694, 694, 1895
695, 695, 2041
696, 696, 2004
697, 697, 2058
698, 698, 1980
699, 699, 1935
700, 700, 1977
701, 701, 1962
702, 702, 1963
703, 703, 1981
704, 704, 1920
705, 705, 2025
706, 706, 1988
707, 707, 1877
708, 708, 1924
709, 709, 1960
710, 710, 1927
711, 711, 1866
712, 712, 1879
713, 713, 1910
714, 714, 1894
715, 715, 1887
716, 716, 1887
717, 717, 1863
718, 718, 1826
719, 719, 1750
720, 720, 1786
721, 721, 1790
722, 722, 1921
723, 723, 1768
724, 724, 1765
725, 725, 1821
726, 726, 1864
727, 727, 1903
728, 728, 1758
729, 729, 1777
730, 730, 1787
731, 731, 1813
732, 732, 1807
733, 733, 1745
734, 734, 1720
735, 735, 1836
736, 736, 1761
737, 737, 1761
738, 738, 1702
739, 739, 1704
740, 740, 1706
741, 741, 1674
742, 742, 1738
743, 743, 1786
744, 744, 1782
745, 745, 1699
746, 746, 1685
747, 747, 1735
748, 748, 1691
749, 749, 1758
750, 750, 1704
751, 751, 1729
752, 752, 1739
753, 753, 1721
754, 754, 1747
755, 755, 1697
756, 756, 1707
757, 757, 1693
758, 758, 1623
759, 759, 1770
760, 760, 1712
761, 761, 1620
762, 762, 1677
763, 763, 1669
764, 764, 1731
765, 765, 1739
766, 766, 1726
767, 767, 1601
768, 768, 1704
769, 769, 1766
770, 770, 1685
771, 771, 1745
772, 772, 1744
773, 773, 1762
774, 774, 1732
775, 775, 1715
776, 776, 1771
777, 777, 1690
778, 778, 1765
779, 779, 1730
780, 780, 1735
781, 781, 1657
782, 782, 1766
783, 783, 1689
784, 784, 1702
785, 785, 1707
786, 786, 1679
787, 787, 1699
788, 788, 1725
789, 789, 1658
790, 790, 1667
791, 791, 1699
792, 792, 1775
793, 793, 1741
794, 794, 1716
795, 795, 1749
796, 796, 1709
797, 797, 1738
798, 798, 1701
799, 799, 1710
800, 800, 1707
801, 801, 1707
802, 802, 1698
803, 803, 1745
804, 804, 1733
805, 805, 1740
806, 806, 1733
807, 807, 1728
808, 808, 1614
809, 809, 1696
810, 810, 1782
811, 811, 1655
812, 812, 1653
813, 813, 1623
814, 814, 1706
815, 815, 1715
816, 816, 1766
817, 817, 1667
818, 818, 1629
819, 819, 1640
820, 820, 1712
821, 821, 1687
822, 822, 1700
823, 823, 1651
824, 824, 1647
825, 825, 1601
826, 826, 1677
827, 827, 1587
828, 828, 1614
829, 829, 1630
830, 830, 1614
831, 831, 1636
832, 832, 1656
833, 833, 1650
834, 834, 1673
835, 835, 1598
836, 836, 1610
837, 837, 1643
838, 838, 1609
839, 839, 1582
840, 840, 1610
841, 841, 1563
842, 842, 1631
843, 843, 1604
844, 844, 1586
845, 845, 1556
846, 846, 1610
847, 847, 1605
848, 848, 1581
849, 849, 1608
850, 850, 1585
851, 851, 1632
852, 852, 1610
853, 853, 1565
854, 854, 1544
855, 855, 1542
856, 856, 1495
857, 857, 1603
858, 858, 1597
859, 859, 1615
860, 860, 1577
861, 861, 1616
862, 862, 1555
863, 863, 1559
864, 864, 1621
865, 865, 1553
866, 866, 1607
867, 867, 1562
868, 868, 1613
869, 869, 1549
870, 870, 1542
871, 871, 1569
872, 872, 1595
873, 873, 1511
874, 874, 1591
875, 875, 1529
876, 876, 1597
877, 877, 1531
878, 878, 1569
879, 879, 1584
880, 880, 1505
881, 881, 1467
882, 882, 1527
883, 883, 1572
884, 884, 1529
885, 885, 1591
886, 886, 1530
887, 887, 1502
888, 888, 1520
889, 889, 1531
890, 890, 1507
891, 891, 1484
892, 892, 1536
893, 893, 1602
894, 894, 1519
895, 895, 1512
896, 896, 1541
897, 897, 1512
898, 898, 1597
899, 899, 1537
900, 900, 1481
901, 901, 1556
902, 902, 1458
903, 903, 1473
904, 904, 1526
905, 905, 1459
906, 906, 1533
907, 907, 1437
908, 908, 1586
909, 909, 1494
910, 910, 1539
911, 911, 1554
912, 912, 1500
913, 913, 1453
914, 914, 1462
915, 915, 1521
916, 916, 1441
917, 917, 1481
918, 918, 1491
919, 919, 1486
920, 920, 1541
921, 921, 1481
922, 922, 1500
923, 923, 1451
924, 924, 1559
925, 925, 1479
926, 926, 1585
927, 927, 1558
928, 928, 1478
929, 929, 1536
930, 930, 1521
931, 931, 1510
932, 932, 1508
933, 933, 1508
934, 934, 1484
935, 935, 1467
936, 936, 1514
937, 937, 1497
938, 938, 1469
939, 939, 1468
940, 940, 1503
941, 941, 1467
942, 942, 1466
943, 943, 1526
944, 944, 1497
945, 945, 1504
946, 946, 1504
947, 947, 1536
948, 948, 1477
949, 949, 1485
950, 950, 1498
951, 951, 1501
952, 952, 1457
953, 953, 1490
954, 954, 1512
955, 955, 1431
956, 956, 1482
957, 957, 1523
958, 958, 1422
959, 959, 1500
960, 960, 1452
961, 961, 1433
962, 962, 1481
963, 963, 1472
964, 964, 1446
965, 965, 1538
966, 966, 1501
967, 967, 1517
968, 968, 1511
969, 969, 1528
970, 970, 1442
971, 971, 1431
972, 972, 1521
973, 973, 1427
974, 974, 1470
975, 975, 1424
976, 976, 1413
977, 977, 1484
978, 978, 1487
979, 979, 1435
980, 980, 1555
981, 981, 1524
982, 982, 1479
983, 983, 1484
984, 984, 1427
985, 985, 1482
986, 986, 1443
987, 987, 1482
988, 988, 1411
989, 989, 1426
990, 990, 1470
991, 991, 1488
992, 992, 1519
993, 993, 1587
994, 994, 1436
995, 995, 1501
996, 996, 1476
997, 997, 1395
998, 998, 1519
999, 999, 1486
1000, 1000, 1470
1001, 1001, 1469
1002, 1002, 1416
1003, 1003, 1466
1004, 1004, 1441
1005, 1005, 1465
1006, 1006, 1466
1007, 1007, 1466
1008, 1008, 1495
1009, 1009, 1471
1010, 1010, 1491
1011, 1011, 1469
1012, 1012, 1521
1013, 1013, 1464
1014, 1014, 1408
1015, 1015, 1452
1016, 1016, 1456
1017, 1017, 1555
1018, 1018, 1491
1019, 1019, 1471
1020, 1020, 1459
1021, 1021, 1539
1022, 1022, 1514
1023, 1023, 1468
1024, 1024, 1434
1025, 1025, 1472
1026, 1026, 1478
1027, 1027, 1541
1028, 1028, 1440
1029, 1029, 1523
1030, 1030, 1422
1031, 1031, 1526
1032, 1032, 1477
1033, 1033, 1473
1034, 1034, 1428
1035, 1035, 1461
1036, 1036, 1487
1037, 1037, 1428
1038, 1038, 1516
1039, 1039, 1511
1040, 1040, 1494
1041, 1041, 1452
1042, 1042, 1478
1043, 1043, 1534
1044, 1044, 1469
1045, 1045, 1545
1046, 1046, 1468
1047, 1047, 1434
1048, 1048, 1440
1049, 1049, 1448
1050, 1050, 1417
1051, 1051, 1471
1052, 1052, 1447
1053, 1053, 1534
1054, 1054, 1465
1055, 1055, 1454
1056, 1056, 1429
1057, 1057, 1467
1058, 1058, 1492
1059, 1059, 1412
1060, 1060, 1476
1061, 1061, 1497
1062, 1062, 1488
1063, 1063, 1465
1064, 1064, 1491
1065, 1065, 1374
1066, 1066, 1482
1067, 1067, 1540
1068, 1068, 1506
1069, 1069, 1437
1070, 1070, 1508
1071, 1071, 1425
1072, 1072, 1493
1073, 1073, 1502
1074, 1074, 1487
1075, 1075, 1502
1076, 1076, 1497
1077, 1077, 1434
1078, 1078, 1485
1079, 1079, 1531
1080, 1080, 1472
1081, 1081, 1422
1082, 1082, 1531
1083, 1083, 1401
1084, 1084, 1507
1085, 1085, 1444
1086, 1086, 1488
1087, 1087, 1501
1088, 1088, 1470
1089, 1089, 1538
1090, 1090, 1518
1091, 1091, 1539
1092, 1092, 1469
1093, 1093, 1466
1094, 1094, 1517
1095, 1095, 1470
1096, 1096, 1530
1097, 1097, 1461
1098, 1098, 1516
1099, 1099, 1514
1100, 1100, 1536
1101, 1101, 1489
1102, 1102, 1406
1103, 1103, 1468
1104, 1104, 1421
1105, 1105, 1550
1106, 1106, 1497
1107, 1107, 1448
1108, 1108, 1482
1109, 1109, 1506
1110, 1110, 1509
1111, 1111, 1471
1112, 1112, 1480
1113, 1113, 1455
1114, 1114, 1496
1115, 1115, 1428
1116, 1116, 1557
1117, 1117, 1498
1118, 1118, 1469
1119, 1119, 1514
1120, 1120, 1510
1121, 1121, 1513
1122, 1122, 1527
1123, 1123, 1530
1124, 1124, 1490
1125, 1125, 1473
1126, 1126, 1480
1127, 1127, 1530
1128, 1128, 1479
1129, 1129, 1565
1130, 1130, 1521
1131, 1131, 1499
1132, 1132, 1535
1133, 1133, 1497
1134, 1134, 1547
1135, 1135, 1476
1136, 1136, 1465
1137, 1137, 1518
1138, 1138, 1525
1139, 1139, 1466
1140, 1140, 1462
1141, 1141, 1433
1142, 1142, 1488
1143, 1143, 1486
1144, 1144, 1488
1145, 1145, 1502
1146, 1146, 1489
1147, 1147, 1560
1148, 1148, 1540
1149, 1149, 1481
1150, 1150, 1449
1151, 1151, 1412
1152, 1152, 1528
1153, 1153, 1524
1154, 1154, 1437
1155, 1155, 1483
1156, 1156, 1456
1157, 1157, 1544
1158, 1158, 1499
1159, 1159, 1534
1160, 1160, 1459
1161, 1161, 1528
1162, 1162, 1490
1163, 1163, 1500
1164, 1164, 1479
1165, 1165, 1542
1166, 1166, 1475
1167, 1167, 1416
1168, 1168, 1435
1169, 1169, 1467
1170, 1170, 1420
1171, 1171, 1463
1172, 1172, 1483
1173, 1173, 1453
1174, 1174, 1485
1175, 1175, 1466
1176, 1176, 1486
1177, 1177, 1552
1178, 1178, 1497
1179, 1179, 1538
1180, 1180, 1443
1181, 1181, 1567
1182, 1182, 1431
1183, 1183, 1470
1184, 1184, 1476
1185, 1185, 1425
1186, 1186, 1441
1187, 1187, 1477
1188, 1188, 1442
1189, 1189, 1477
1190, 1190, 1420
1191, 1191, 1462
1192, 1192, 1398
1193, 1193, 1410
1194, 1194, 1436
1195, 1195, 1412
1196, 1196, 1448
1197, 1197, 1453
1198, 1198, 1473
1199, 1199, 1448
1200, 1200, 1442
1201, 1201, 1413
1202, 1202, 1376
1203, 1203, 1489
1204, 1204, 1466
1205, 1205, 1351
1206, 1206, 1471
1207, 1207, 1406
1208, 1208, 1390
1209, 1209, 1432
1210, 1210, 1415
1211, 1211, 1427
1212, 1212, 1363
1213, 1213, 1367
1214, 1214, 1376
1215, 1215, 1318
1216, 1216, 1435
1217, 1217, 1328
1218, 1218, 1414
1219, 1219, 1365
1220, 1220, 1357
1221, 1221, 1309
1222, 1222, 1330
1223, 1223, 1318
1224, 1224, 1357
1225, 1225, 1315
1226, 1226, 1289
1227, 1227, 1331
1228, 1228, 1299
1229, 1229, 1262
1230, 1230, 1339
1231, 1231, 1358
1232, 1232, 1344
1233, 1233, 1268
1234, 1234, 1275
1235, 1235, 1272
1236, 1236, 1328
1237, 1237, 1234
1238, 1238, 1248
1239, 1239, 1251
1240, 1240, 1252
1241, 1241, 1202
1242, 1242, 1266
1243, 1243, 1255
1244, 1244, 1245
1245, 1245, 1191
1246, 1246, 1201
1247, 1247, 1210
1248, 1248, 1249
1249, 1249, 1224
1250, 1250, 1196
1251, 1251, 1172
1252, 1252, 1179
1253, 1253, 1189
1254, 1254, 1178
1255, 1255, 1235
1256, 1256, 1207
1257, 1257, 1175
1258, 1258, 1128
1259, 1259, 1155
1260, 1260, 1151
1261, 1261, 1124
1262, 1262, 1184
1263, 1263, 1198
1264, 1264, 1126
1265, 1265, 1158
1266, 1266, 1143
1267, 1267, 1116
1268, 1268, 1187
1269, 1269, 1144
1270, 1270, 1166
1271, 1271, 1150
1272, 1272, 1081
1273, 1273, 1146
1274, 1274, 1124
1275, 1275, 1101
1276, 1276, 1168
1277, 1277, 1060
1278, 1278, 1086
1279, 1279, 1016
1280, 1280, 1108
1281, 1281, 1090
1282, 1282, 1060
1283, 1283, 1061
1284, 1284, 1036
1285, 1285, 1057
1286, 1286, 1098
1287, 1287, 1044
1288, 1288, 1061
1289, 1289, 1042
1290, 1290, 1067
1291, 1291, 1055
1292, 1292, 1067
1293, 1293, 1064
1294, 1294, 1029
1295, 1295, 1037
1296, 1296, 1063
1297, 1297, 1026
1298, 1298, 968
1299, 1299, 1001
1300, 1300, 1031
1301, 1301, 1061
1302, 1302, 982
1303, 1303, 1028
1304, 1304, 1057
1305, 1305, 996
1306, 1306, 964
1307, 1307, 999
1308, 1308, 1001
1309, 1309, 1037
1310, 1310, 1004
1311, 1311, 984
1312, 1312, 1005
1313, 1313, 1041
1314, 1314, 947
1315, 1315, 958
1316, 1316, 981
1317, 1317, 1005
1318, 1318, 1000
1319, 1319, 961
1320, 1320, 919
1321, 1321, 938
1322, 1322, 1014
1323, 1323, 999
1324, 1324, 973
1325, 1325, 952
1326, 1326, 953
1327, 1327, 1000
1328, 1328, 904
1329, 1329, 977
1330, 1330, 918
1331, 1331, 977
1332, 1332, 921
1333, 1333, 978
1334, 1334, 961
1335, 1335, 895
1336, 1336, 978
1337, 1337, 955
1338, 1338, 968
1339, 1339, 977
1340, 1340, 869
1341, 1341, 951
1342, 1342, 891
1343, 1343, 954
1344, 1344, 921
1345, 1345, 900
1346, 1346, 973
1347, 1347, 954
1348, 1348, 951
1349, 1349, 897
1350, 1350, 945
1351, 1351, 912
1352, 1352, 899
1353, 1353, 890
1354, 1354, 895
1355, 1355, 880
1356, 1356, 901
1357, 1357, 867
1358, 1358, 957
1359, 1359, 884
1360, 1360, 903
1361, 1361, 900
1362, 1362, 897
1363, 1363, 845
1364, 1364, 880
1365, 1365, 914
1366, 1366, 882
1367, 1367, 905
1368, 1368, 875
1369, 1369, 909
1370, 1370, 898
1371, 1371, 942
1372, 1372, 826
1373, 1373, 893
1374, 1374, 811
1375, 1375, 864
1376, 1376, 837
1377, 1377, 849
1378, 1378, 849
1379, 1379, 830
1380, 1380, 814
1381, 1381, 830
1382, 1382, 821
1383, 1383, 812
1384, 1384, 880
1385, 1385, 802
1386, 1386, 869
1387, 1387, 836
1388, 1388, 853
1389, 1389, 832
1390, 1390, 786
1391, 1391, 831
1392, 1392, 801
1393, 1393, 813
1394, 1394, 789
1395, 1395, 821
1396, 1396, 817
1397, 1397, 777
1398, 1398, 773
1399, 1399, 776
1400, 1400, 831
1401, 1401, 771
1402, 1402, 775
1403, 1403, 782
1404, 1404, 839
1405, 1405, 756
1406, 1406, 771
1407, 1407, 766
1408, 1408, 697
1409, 1409, 759
1410, 1410, 785
1411, 1411, 755
1412, 1412, 753
1413, 1413, 719
1414, 1414, 759
1415, 1415, 743
1416, 1416, 735
1417, 1417, 743
1418, 1418, 727
1419, 1419, 754
1420, 1420, 763
1421, 1421, 781
1422, 1422, 769
1423, 1423, 759
1424, 1424, 786
1425, 1425, 783
1426, 1426, 784
1427, 1427, 716
1428, 1428, 820
1429, 1429, 789
1430, 1430, 769
1431, 1431, 806
1432, 1432, 782
1433, 1433, 801
1434, 1434, 803
1435, 1435, 826
1436, 1436, 780
1437, 1437, 777
1438, 1438, 829
1439, 1439, 793
1440, 1440, 807
1441, 1441, 862
1442, 1442, 837
1443, 1443, 835
1444, 1444, 805
1445, 1445, 831
1446, 1446, 907
1447, 1447, 870
1448, 1448, 838
1449, 1449, 939
1450, 1450, 871
1451, 1451, 920
1452, 1452, 937
1453, 1453, 967
1454, 1454, 958
1455, 1455, 979
1456, 1456, 1030
1457, 1457, 975
1458, 1458, 1028
1459, 1459, 1021
1460, 1460, 1028
1461, 1461, 1071
1462, 1462, 1093
1463, 1463, 1134
1464, 1464, 1134
1465, 1465, 1196
1466, 1466, 1142
1467, 1467, 1181
1468, 1468, 1204
1469, 1469, 1251
1470, 1470, 1330
1471, 1471, 1287
1472, 1472, 1306
1473, 1473, 1303
1474, 1474, 1363
1475, 1475, 1461
1476, 1476, 1390
1477, 1477, 1443
1478, 1478, 1539
1479, 1479, 1533
1480, 1480, 1587
1481, 1481, 1583
1482, 1482, 1563
1483, 1483, 1756
1484, 1484, 1721
1485, 1485, 1769
1486, 1486, 1703
1487, 1487, 1780
1488, 1488, 1873
1489, 1489, 1779
1490, 1490, 1907
1491, 1491, 1947
1492, 1492, 1911
1493, 1493, 1917
1494, 1494, 2004
1495, 1495, 2096
1496, 1496, 2113
1497, 1497, 2102
1498, 1498, 2069
1499, 1499, 2221
1500, 1500, 2254
1501, 1501, 2355
1502, 1502, 2221
1503, 1503, 2261
1504, 1504, 2310
1505, 1505, 2382
1506, 1506, 2312
1507, 1507, 2453
1508, 1508, 2395
1509, 1509, 2401
1510, 1510, 2514
1511, 1511, 2433
1512, 1512, 2521
1513, 1513, 2462
1514, 1514, 2482
1515, 1515, 2532
1516, 1516, 2498
1517, 1517, 2419
1518, 1518, 2612
1519, 1519, 2527
1520, 1520, 2610
1521, 1521, 2653
1522, 1522, 2604
1523, 1523, 2680
1524, 1524, 2567
1525, 1525, 2561
1526, 1526, 2531
1527, 1527, 2648
1528, 1528, 2569
1529, 1529, 2549
1530, 1530, 2545
1531, 1531, 2551
1532, 1532, 2613
1533, 1533, 2506
1534, 1534, 2531
1535, 1535, 2474
1536, 1536, 2521
1537, 1537, 2428
1538, 1538, 2485
1539, 1539, 2483
1540, 1540, 2399
1541, 1541, 2328
1542, 1542, 2383
1543, 1543, 2358
1544, 1544, 2285
1545, 1545, 2247
1546, 1546, 2242
1547, 1547, 2261
1548, 1548, 2169
1549, 1549, 2103
1550, 1550, 2161
1551, 1551, 2077
1552, 1552, 2052
1553, 1553, 2031
1554, 1554, 1974
1555, 1555, 1840
1556, 1556, 1919
1557, 1557, 1822
1558, 1558, 1812
1559, 1559, 1762
1560, 1560, 1819
1561, 1561, 1726
1562, 1562, 1677
1563, 1563, 1687
1564, 1564, 1638
1565, 1565, 1641
1566, 1566, 1524
1567, 1567, 1484
1568, 1568, 1474
1569, 1569, 1446
1570, 1570, 1392
1571, 1571, 1326
1572, 1572, 1299
1573, 1573, 1314
1574, 1574, 1230
1575, 1575, 1298
1576, 1576, 1149
1577, 1577, 1172
1578, 1578, 1122
1579, 1579, 1085
1580, 1580, 1035
1581, 1581, 1019
1582, 1582, 1033
1583, 1583, 969
1584, 1584, 967
1585, 1585, 893
1586, 1586, 879
1587, 1587, 829
1588, 1588, 784
1589, 1589, 848
1590, 1590, 772
1591, 1591, 843
1592, 1592, 734
1593, 1593, 733
1594, 1594, 719
1595, 1595, 709
1596, 1596, 683
1597, 1597, 672
1598, 1598, 653
1599, 1599, 614
1600, 1600, 592
1601, 1601, 550
1602, 1602, 556
1603, 1603, 561
1604, 1604, 569
1605, 1605, 502
1606, 1606, 494
1607, 1607, 507
1608, 1608, 452
1609, 1609, 485
1610, 1610, 480
1611, 1611, 463
1612, 1612, 419
1613, 1613, 418
1614, 1614, 400
1615, 1615, 395
1616, 1616, 402
1617, 1617, 417
1618, 1618, 385
1619, 1619, 385
1620, 1620, 429
1621, 1621, 351
1622, 1622, 391
1623, 1623, 370
1624, 1624, 390
1625, 1625, 371
1626, 1626, 347
1627, 1627, 363
1628, 1628, 361
1629, 1629, 348
1630, 1630, 389
1631, 1631, 437
1632, 1632, 389
1633, 1633, 404
1634, 1634, 374
1635, 1635, 374
1636, 1636, 412
1637, 1637, 404
1638, 1638, 405
1639, 1639, 440
1640, 1640, 449
1641, 1641, 442
1642, 1642, 438
1643, 1643, 432
1644, 1644, 472
1645, 1645, 450
1646, 1646, 474
1647, 1647, 478
1648, 1648, 515
1649, 1649, 490
1650, 1650, 481
1651, 1651, 554
1652, 1652, 523
1653, 1653, 579
1654, 1654, 566
1655, 1655, 620
1656, 1656, 597
1657, 1657, 653
1658, 1658, 683
1659, 1659, 718
1660, 1660, 623
1661, 1661, 729
1662, 1662, 695
1663, 1663, 755
1664, 1664, 822
1665, 1665, 814
1666, 1666, 809
1667, 1667, 862
1668, 1668, 846
1669, 1669, 881
1670, 1670, 872
1671, 1671, 937
1672, 1672, 945
1673, 1673, 920
1674, 1674, 963
1675, 1675, 1005
1676, 1676, 1027
1677, 1677, 1062
1678, 1678, 1121
1679, 1679, 1076
1680, 1680, 1172
1681, 1681, 1155
1682, 1682, 1217
1683, 1683, 1207
1684, 1684, 1227
1685, 1685, 1284
1686, 1686, 1334
1687, 1687, 1344
1688, 1688, 1396
1689, 1689, 1411
1690, 1690, 1462
1691, 1691, 1511
1692, 1692, 1409
1693, 1693, 1512
1694, 1694, 1473
1695, 1695, 1569
1696, 1696, 1584
1697, 1697, 1669
1698, 1698, 1642
1699, 1699, 1637
1700, 1700, 1615
1701, 1701, 1671
1702, 1702, 1654
1703, 1703, 1756
1704, 1704, 1749
1705, 1705, 1811
1706, 1706, 1841
1707, 1707, 1851
1708, 1708, 1818
1709, 1709, 1866
1710, 1710, 1888
1711, 1711, 1842
1712, 1712, 1826
1713, 1713, 1908
1714, 1714, 1894
1715, 1715, 1958
1716, 1716, 1982
1717, 1717, 1919
1718, 1718, 1942
1719, 1719, 1953
1720, 1720, 1983
1721, 1721, 1968
1722, 1722, 2021
1723, 1723, 1924
1724, 1724, 1974
1725, 1725, 2004
1726, 1726, 2012
1727, 1727, 2022
1728, 1728, 2065
1729, 1729, 2035
1730, 1730, 2037
1731, 1731, 1985
1732, 1732, 1954
1733, 1733, 2049
1734, 1734, 1941
1735, 1735, 1970
1736, 1736, 1967
1737, 1737, 1899
1738, 1738, 1922
1739, 1739, 1821
1740, 1740, 1910
1741, 1741, 1870
1742, 1742, 1870
1743, 1743, 1914
1744, 1744, 1858
1745, 1745, 1735
1746, 1746, 1767
1747, 1747, 1740
1748, 1748, 1687
1749, 1749, 1770
1750, 1750, 1684
1751, 1751, 1651
1752, 1752, 1659
1753, 1753, 1616
1754, 1754, 1643
1755, 1755, 1511
1756, 1756, 1581
1757, 1757, 1563
1758, 1758, 1515
1759, 1759, 1520
1760, 1760, 1484
1761, 1761, 1422
1762, 1762, 1520
1763, 1763, 1352
1764, 1764, 1332
1765, 1765, 1337
1766, 1766, 1312
1767, 1767, 1211
1768, 1768, 1255
1769, 1769, 1234
1770, 1770, 1261
1771, 1771, 1160
1772, 1772, 1157
1773, 1773, 1088
1774, 1774, 1086
1775, 1775, 1065
1776, 1776, 1009
1777, 1777, 976
1778, 1778, 976
1779, 1779, 952
1780, 1780, 941
1781, 1781, 910
1782, 1782, 851
1783, 1783, 882
1784, 1784, 770
1785, 1785, 827
1786, 1786, 743
1787, 1787, 800
1788, 1788, 748
1789, 1789, 701
1790, 1790, 686
1791, 1791, 655
1792, 1792, 630
1793, 1793, 627
1794, 1794, 610
1795, 1795, 542
1796, 1796, 600
1797, 1797, 586
1798, 1798, 525
1799, 1799, 491
1800, 1800, 501
1801, 1801, 493
1802, 1802, 459
1803, 1803, 453
1804, 1804, 410
1805, 1805, 396
1806, 1806, 454
1807, 1807, 373
1808, 1808, 396
1809, 1809, 362
1810, 1810, 374
1811, 1811, 353
1812, 1812, 348
1813, 1813, 363
1814, 1814, 327
1815, 1815, 298
1816, 1816, 322
1817, 1817, 299
1818, 1818, 294
1819, 1819, 257
1820, 1820, 276
1821, 1821, 254
1822, 1822, 238
1823, 1823, 258
1824, 1824, 218
1825, 1825, 233
1826, 1826, 218
1827, 1827, 245
1828, 1828, 234
1829, 1829, 205
1830, 1830, 201
1831, 1831, 200
1832, 1832, 195
1833, 1833, 190
1834, 1834, 164
1835, 1835, 190
1836, 1836, 160
1837, 1837, 174
1838, 1838, 173
1839, 1839, 174
1840, 1840, 185
1841, 1841, 175
1842, 1842, 182
1843, 1843, 169
1844, 1844, 160
1845, 1845, 157
1846, 1846, 147
1847, 1847, 161
1848, 1848, 156
1849, 1849, 156
1850, 1850, 146
1851, 1851, 151
1852, 1852, 158
1853, 1853, 151
1854, 1854, 164
1855, 1855, 156
1856, 1856, 148
1857, 1857, 148
1858, 1858, 132
1859, 1859, 138
1860, 1860, 152
1861, 1861, 110
1862, 1862, 135
1863, 1863, 145
1864, 1864, 120
1865, 1865, 136
1866, 1866, 123
1867, 1867, 151
1868, 1868, 110
1869, 1869, 115
1870, 1870, 143
1871, 1871, 118
1872, 1872, 112
1873, 1873, 146
1874, 1874, 125
1875, 1875, 125
1876, 1876, 140
1877, 1877, 129
1878, 1878, 136
1879, 1879, 105
1880, 1880, 144
1881, 1881, 138
1882, 1882, 128
1883, 1883, 129
1884, 1884, 139
1885, 1885, 131
1886, 1886, 131
1887, 1887, 131
1888, 1888, 143
1889, 1889, 121
1890, 1890, 130
1891, 1891, 124
1892, 1892, 123
1893, 1893, 140
1894, 1894, 144
1895, 1895, 109
1896, 1896, 126
1897, 1897, 157
1898, 1898, 132
1899, 1899, 109
1900, 1900, 126
1901, 1901, 127
1902, 1902, 130
1903, 1903, 119
1904, 1904, 116
1905, 1905, 130
1906, 1906, 130
1907, 1907, 100
1908, 1908, 141
1909, 1909, 127
1910, 1910, 106
1911, 1911, 115
1912, 1912, 113
1913, 1913, 118
1914, 1914, 113
1915, 1915, 129
1916, 1916, 117
1917, 1917, 118
1918, 1918, 99
1919, 1919, 115
1920, 1920, 104
1921, 1921, 121
1922, 1922, 96
1923, 1923, 92
1924, 1924, 104
1925, 1925, 93
1926, 1926, 118
1927, 1927, 103
1928, 1928, 102
1929, 1929, 107
1930, 1930, 103
1931, 1931, 90
1932, 1932, 94
1933, 1933, 87
1934, 1934, 80
1935, 1935, 107
1936, 1936, 80
1937, 1937, 100
1938, 1938, 90
1939, 1939, 82
1940, 1940, 83
1941, 1941, 98
1942, 1942, 83
1943, 1943, 91
1944, 1944, 92
1945, 1945, 85
1946, 1946, 90
1947, 1947, 95
1948, 1948, 96
1949, 1949, 90
1950, 1950, 90
1951, 1951, 65
1952, 1952, 87
1953, 1953, 82
1954, 1954, 98
1955, 1955, 78
1956, 1956, 69
1957, 1957, 70
1958, 1958, 79
1959, 1959, 72
1960, 1960, 72
1961, 1961, 77
1962, 1962, 77
1963, 1963, 88
1964, 1964, 61
1965, 1965, 69
1966, 1966, 67
1967, 1967, 61
1968, 1968, 60
1969, 1969, 64
1970, 1970, 68
1971, 1971, 59
1972, 1972, 69
1973, 1973, 71
1974, 1974, 75
1975, 1975, 72
1976, 1976, 64
1977, 1977, 55
1978, 1978, 56
1979, 1979, 75
1980, 1980, 52
1981, 1981, 61
1982, 1982, 65
1983, 1983, 65
1984, 1984, 66
1985, 1985, 74
1986, 1986, 70
1987, 1987, 55
1988, 1988, 64
1989, 1989, 64
1990, 1990, 61
1991, 1991, 44
1992, 1992, 60
1993, 1993, 62
1994, 1994, 44
1995, 1995, 55
1996, 1996, 67
1997, 1997, 67
1998, 1998, 57
1999, 1999, 39
2000, 2000, 62
2001, 2001, 44
2002, 2002, 54
2003, 2003, 65
2004, 2004, 67
2005, 2005, 50
2006, 2006, 51
2007, 2007, 57
2008, 2008, 58
2009, 2009, 53
2010, 2010, 63
2011, 2011, 57
2012, 2012, 45
2013, 2013, 54
2014, 2014, 50
2015, 2015, 54
2016, 2016, 55
2017, 2017, 66
2018, 2018, 52
2019, 2019, 60
2020, 2020, 53
2021, 2021, 53
2022, 2022, 49
2023, 2023, 63
2024, 2024, 68
2025, 2025, 45
2026, 2026, 56
2027, 2027, 58
2028, 2028, 50
2029, 2029, 51
2030, 2030, 48
2031, 2031, 54
2032, 2032, 57
2033, 2033, 54
2034, 2034, 58
2035, 2035, 65
2036, 2036, 60
2037, 2037, 52
2038, 2038, 58
2039, 2039, 42
2040, 2040, 52
2041, 2041, 56
2042, 2042, 56
2043, 2043, 54
2044, 2044, 53
2045, 2045, 43
2046, 2046, 66
2047, 2047, 44
2048, 2048, 59
