Start Time, Tue Mar 3 16:27:20 GMT+0000 2026
Energy calibration,  Offset: 0, Slope: 1, Quadratic: 0
Live Time (s), 85199.382144
Real Time (s), 85208.571198
Elapsed Computational, 0
Spectrum
Channel, Energy (keV), Counts
1, 1, 0
2, 2, 0
3, 3, 0
4, 4, 0
5, 5, 0
6, 6, 0
7, 7, 0
8, 8, 0
9, 9, 0
10, 10, 779
11, 11, 750
12, 12, 730
13, 13, 675
14, 14, 635
15, 15, 637
16, 16, 648
17, 17, 637
18, 18, 636
19, 19, 658
20, 20, 605
21, 21, 618
22, 22, 673
23, 23, 636
24, 24, 717
25, 25, 678
26, 26, 679
27, 27, 703
28, 28, 658
29, 29, 712
30, 30, 688
31, 31, 654
32, 32, 663
33, 33, 671
34, 34, 682
35, 35, 624
36, 36, 693
37, 37, 650
38, 38, 639
39, 39, 635
40, 40, 695
41, 41, 645
42, 42, 710
43, 43, 711
44, 44, 697
45, 45, 748
46, 46, 663
47, 47, 741
48, 48, 724
49, 49, 711
50, 50, 710
51, 51, 741
52, 52, 728
53, 53, 723
54, 54, 725
55, 55, 720
56, 56, 755
57, 57, 760
58, 58, 738
59, 59, 732
60, 60, 818
61, 61, 850
62, 62, 845
63, 63, 904
64, 64, 893
65, 65, 980
66, 66, 1011
67, 67, 988
68, 68, 1043
69, 69, 1109
70, 70, 1108
71, 71, 1224
72, 72, 1124
73, 73, 1114
74, 74, 1178
75, 75, 1036
76, 76, 1018
77, 77, 973
78, 78, 972
79, 79, 901
80, 80, 899
81, 81, 929
82, 82, 957
83, 83, 912
84, 84, 929
85, 85, 887
86, 86, 923
87, 87, 995
88, 88, 945
89, 89, 1010
90, 90, 1014
91, 91, 1081
92, 92, 1075
93, 93, 1131
94, 94, 1084
95, 95, 1148
96, 96, 1162
97, 97, 1284
98, 98, 1338
99, 99, 1409
100, 100, 1472
101, 101, 1625
102, 102, 1750
103, 103, 1963
104, 104, 2149
105, 105, 2269
106, 106, 2411
107, 107, 2576
108, 108, 2713
109, 109, 2804
110, 110, 2870
111, 111, 2928
112, 112, 2939
113, 113, 3018
114, 114, 2976
115, 115, 2981
116, 116, 2857
117, 117, 2857
118, 118, 2655
119, 119, 2586
120, 120, 2436
121, 121, 2377
122, 122, 2310
123, 123, 2240
124, 124, 2219
125, 125, 2205
126, 126, 2076
127, 127, 2055
128, 128, 2145
129, 129, 1990
130, 130, 1922
131, 131, 1829
132, 132, 1854
133, 133, 1780
134, 134, 1688
135, 135, 1612
136, 136, 1602
137, 137, 1506
138, 138, 1558
139, 139, 1427
140, 140, 1360
141, 141, 1388
142, 142, 1311
143, 143, 1374
144, 144, 1356
145, 145, 1302
146, 146, 1365
147, 147, 1259
148, 148, 1311
149, 149, 1344
150, 150, 1315
151, 151, 1277
152, 152, 1251
153, 153, 1321
154, 154, 1315
155, 155, 1347
156, 156, 1281
157, 157, 1357
158, 158, 1296
159, 159, 1331
160, 160, 1238
161, 161, 1274
162, 162, 1286
163, 163, 1246
164, 164, 1253
165, 165, 1293
166, 166, 1301
167, 167, 1221
168, 168, 1345
169, 169, 1315
170, 170, 1324
171, 171, 1292
172, 172, 1294
173, 173, 1292
174, 174, 1291
175, 175, 1367
176, 176, 1283
177, 177, 1313
178, 178, 1316
179, 179, 1342
180, 180, 1288
181, 181, 1269
182, 182, 1297
183, 183, 1288
184, 184, 1293
185, 185, 1214
186, 186, 1225
187, 187, 1263
188, 188, 1297
189, 189, 1247
190, 190, 1234
191, 191, 1292
192, 192, 1266
193, 193, 1283
194, 194, 1299
195, 195, 1232
196, 196, 1162
197, 197, 1273
198, 198, 1235
199, 199, 1221
200, 200, 1217
201, 201, 1254
202, 202, 1217
203, 203, 1218
204, 204, 1257
205, 205, 1190
206, 206, 1189
207, 207, 1205
208, 208, 1258
209, 209, 1236
210, 210, 1197
211, 211, 1182
212, 212, 1206
213, 213, 1198
214, 214, 1288
215, 215, 1172
216, 216, 1237
217, 217, 1174
218, 218, 1195
219, 219, 1244
220, 220, 1196
221, 221, 1204
222, 222, 1067
223, 223, 1111
224, 224, 1176
225, 225, 1107
226, 226, 1249
227, 227, 1112
228, 228, 1128
229, 229, 1118
230, 230, 1124
231, 231, 1138
232, 232, 1126
233, 233, 1089
234, 234, 1062
235, 235, 1184
236, 236, 1127
237, 237, 1173
238, 238, 1114
239, 239, 1132
240, 240, 1127
241, 241, 1135
242, 242, 1125
243, 243, 1122
244, 244, 1083
245, 245, 1137
246, 246, 1133
247, 247, 1112
248, 248, 1141
249, 249, 1108
250, 250, 1174
251, 251, 1083
252, 252, 1083
253, 253, 1111
254, 254, 1104
255, 255, 1064
256, 256, 1047
257, 257, 1096
258, 258, 1094
259, 259, 1099
260, 260, 1059
261, 261, 1110
262, 262, 1110
263, 263, 1071
264, 264, 1056
265, 265, 1065
266, 266, 1043
267, 267, 1004
268, 268, 1027
269, 269, 1027
270, 270, 1028
271, 271, 1028
272, 272, 1104
273, 273, 1037
274, 274, 1037
275, 275, 1028
276, 276, 1080
277, 277, 1056
278, 278, 1057
279, 279, 1044
280, 280, 1101
281, 281, 998
282, 282, 1070
283, 283, 966
284, 284, 1070
285, 285, 1121
286, 286, 1088
287, 287, 964
288, 288, 996
289, 289, 1082
290, 290, 1061
291, 291, 995
292, 292, 1026
293, 293, 1015
294, 294, 1024
295, 295, 1003
296, 296, 1015
297, 297, 1072
298, 298, 1058
299, 299, 1021
300, 300, 995
301, 301, 995
302, 302, 1030
303, 303, 1005
304, 304, 1020
305, 305, 958
306, 306, 1067
307, 307, 1005
308, 308, 1088
309, 309, 1034
310, 310, 1014
311, 311, 1034
312, 312, 1092
313, 313, 1034
314, 314, 1023
315, 315, 982
316, 316, 1043
317, 317, 1055
318, 318, 1017
319, 319, 1001
320, 320, 1034
321, 321, 1052
322, 322, 1042
323, 323, 1070
324, 324, 1030
325, 325, 1043
326, 326, 971
327, 327, 1036
328, 328, 995
329, 329, 971
330, 330, 986
331, 331, 1058
332, 332, 1005
333, 333, 987
334, 334, 1014
335, 335, 1008
336, 336, 981
337, 337, 979
338, 338, 997
339, 339, 975
340, 340, 982
341, 341, 908
342, 342, 1001
343, 343, 952
344, 344, 982
345, 345, 922
346, 346, 925
347, 347, 927
348, 348, 958
349, 349, 957
350, 350, 923
351, 351, 915
352, 352, 957
353, 353, 912
354, 354, 913
355, 355, 881
356, 356, 862
357, 357, 893
358, 358, 873
359, 359, 911
360, 360, 943
361, 361, 874
362, 362, 850
363, 363, 903
364, 364, 892
365, 365, 887
366, 366, 874
367, 367, 880
368, 368, 869
369, 369, 841
370, 370, 878
371, 371, 869
372, 372, 866
373, 373, 866
374, 374, 870
375, 375, 831
376, 376, 873
377, 377, 824
378, 378, 880
379, 379, 855
380, 380, 868
381, 381, 837
382, 382, 859
383, 383, 826
384, 384, 839
385, 385, 903
386, 386, 798
387, 387, 821
388, 388, 899
389, 389, 791
390, 390, 889
391, 391, 871
392, 392, 812
393, 393, 839
394, 394, 798
395, 395, 852
396, 396, 761
397, 397, 797
398, 398, 794
399, 399, 821
400, 400, 844
401, 401, 816
402, 402, 800
403, 403, 826
404, 404, 822
405, 405, 833
406, 406, 824
407, 407, 878
408, 408, 762
409, 409, 812
410, 410, 784
411, 411, 787
412, 412, 815
413, 413, 794
414, 414, 781
415, 415, 810
416, 416, 728
417, 417, 750
418, 418, 796
419, 419, 780
420, 420, 814
421, 421, 806
422, 422, 806
423, 423, 716
424, 424, 788
425, 425, 759
426, 426, 801
427, 427, 790
428, 428, 818
429, 429, 808
430, 430, 748
431, 431, 749
432, 432, 745
433, 433, 780
434, 434, 779
435, 435, 718
436, 436, 725
437, 437, 753
438, 438, 726
439, 439, 730
440, 440, 699
441, 441, 734
442, 442, 724
443, 443, 725
444, 444, 728
445, 445, 696
446, 446, 761
447, 447, 721
448, 448, 737
449, 449, 730
450, 450, 715
451, 451, 704
452, 452, 738
453, 453, 708
454, 454, 761
455, 455, 692
456, 456, 724
457, 457, 743
458, 458, 762
459, 459, 742
460, 460, 752
461, 461, 725
462, 462, 749
463, 463, 718
464, 464, 766
465, 465, 729
466, 466, 724
467, 467, 673
468, 468, 692
469, 469, 715
470, 470, 684
471, 471, 734
472, 472, 704
473, 473, 679
474, 474, 731
475, 475, 739
476, 476, 674
477, 477, 716
478, 478, 708
479, 479, 696
480, 480, 681
481, 481, 709
482, 482, 701
483, 483, 781
484, 484, 721
485, 485, 679
486, 486, 687
487, 487, 742
488, 488, 686
489, 489, 660
490, 490, 703
491, 491, 632
492, 492, 722
493, 493, 649
494, 494, 672
495, 495, 640
496, 496, 724
497, 497, 609
498, 498, 662
499, 499, 643
500, 500, 648
501, 501, 663
502, 502, 640
503, 503, 637
504, 504, 663
505, 505, 672
506, 506, 614
507, 507, 626
508, 508, 643
509, 509, 619
510, 510, 659
511, 511, 613
512, 512, 622
513, 513, 640
514, 514, 640
515, 515, 639
516, 516, 651
517, 517, 656
518, 518, 649
519, 519, 680
520, 520, 641
521, 521, 643
522, 522, 639
523, 523, 583
524, 524, 636
525, 525, 617
526, 526, 645
527, 527, 622
528, 528, 637
529, 529, 572
530, 530, 634
531, 531, 633
532, 532, 620
533, 533, 623
534, 534, 624
535, 535, 625
536, 536, 608
537, 537, 634
538, 538, 576
539, 539, 574
540, 540, 609
541, 541, 599
542, 542, 662
543, 543, 606
544, 544, 631
545, 545, 638
546, 546, 626
547, 547, 624
548, 548, 624
549, 549, 653
550, 550, 589
551, 551, 611
552, 552, 597
553, 553, 603
554, 554, 578
555, 555, 600
556, 556, 620
557, 557, 620
558, 558, 602
559, 559, 557
560, 560, 624
561, 561, 604
562, 562, 584
563, 563, 580
564, 564, 576
565, 565, 606
566, 566, 600
567, 567, 636
568, 568, 616
569, 569, 591
570, 570, 568
571, 571, 587
572, 572, 595
573, 573, 616
574, 574, 602
575, 575, 601
576, 576, 584
577, 577, 590
578, 578, 570
579, 579, 631
580, 580, 534
581, 581, 587
582, 582, 568
583, 583, 581
584, 584, 635
585, 585, 587
586, 586, 587
587, 587, 553
588, 588, 569
589, 589, 630
590, 590, 616
591, 591, 559
592, 592, 564
593, 593, 608
594, 594, 566
595, 595, 613
596, 596, 612
597, 597, 576
598, 598, 576
599, 599, 591
600, 600, 571
601, 601, 582
602, 602, 549
603, 603, 576
604, 604, 536
605, 605, 563
606, 606, 574
607, 607, 604
608, 608, 566
609, 609, 572
610, 610, 630
611, 611, 561
612, 612, 560
613, 613, 587
614, 614, 619
615, 615, 577
616, 616, 596
617, 617, 566
618, 618, 613
619, 619, 575
620, 620, 543
621, 621, 566
622, 622, 561
623, 623, 623
624, 624, 569
625, 625, 574
626, 626, 558
627, 627, 567
628, 628, 553
629, 629, 592
630, 630, 605
631, 631, 594
632, 632, 587
633, 633, 558
634, 634, 578
635, 635, 579
636, 636, 583
637, 637, 587
638, 638, 542
639, 639, 543
640, 640, 583
641, 641, 541
642, 642, 570
643, 643, 601
644, 644, 551
645, 645, 590
646, 646, 587
647, 647, 576
648, 648, 552
649, 649, 596
650, 650, 531
651, 651, 558
652, 652, 592
653, 653, 589
654, 654, 561
655, 655, 627
656, 656, 570
657, 657, 593
658, 658, 580
659, 659, 621
660, 660, 574
661, 661, 618
662, 662, 605
663, 663, 630
664, 664, 587
665, 665, 598
666, 666, 622
667, 667, 597
668, 668, 608
669, 669, 586
670, 670, 621
671, 671, 638
672, 672, 579
673, 673, 640
674, 674, 602
675, 675, 623
676, 676, 636
677, 677, 582
678, 678, 586
679, 679, 671
680, 680, 594
681, 681, 555
682, 682, 591
683, 683, 586
684, 684, 600
685, 685, 683
686, 686, 637
687, 687, 589
688, 688, 602
689, 689, 575
690, 690, 602
691, 691, 625
692, 692, 585
693, 693, 602
694, 694, 602
695, 695, 567
696, 696, 575
697, 697, 580
698, 698, 596
699, 699, 582
700, 700, 604
701, 701, 581
702, 702, 599
703, 703, 557
704, 704, 577
705, 705, 550
706, 706, 564
707, 707, 574
708, 708, 554
709, 709, 563
710, 710, 546
711, 711, 574
712, 712, 563
713, 713, 538
714, 714, 543
715, 715, 574
716, 716, 539
717, 717, 570
718, 718, 554
719, 719, 535
720, 720, 545
721, 721, 550
722, 722, 528
723, 723, 498
724, 724, 559
725, 725, 528
726, 726, 585
727, 727, 535
728, 728, 550
729, 729, 540
730, 730, 551
731, 731, 560
732, 732, 575
733, 733, 504
734, 734, 524
735, 735, 527
736, 736, 539
737, 737, 539
738, 738, 493
739, 739, 494
740, 740, 500
741, 741, 500
742, 742, 513
743, 743, 512
744, 744, 533
745, 745, 503
746, 746, 531
747, 747, 517
748, 748, 483
749, 749, 535
750, 750, 483
751, 751, 553
752, 752, 570
753, 753, 517
754, 754, 517
755, 755, 523
756, 756, 490
757, 757, 468
758, 758, 547
759, 759, 466
760, 760, 488
761, 761, 505
762, 762, 524
763, 763, 512
764, 764, 523
765, 765, 495
766, 766, 519
767, 767, 515
768, 768, 517
769, 769, 499
770, 770, 494
771, 771, 500
772, 772, 555
773, 773, 502
774, 774, 508
775, 775, 516
776, 776, 517
777, 777, 500
778, 778, 537
779, 779, 464
780, 780, 526
781, 781, 477
782, 782, 547
783, 783, 524
784, 784, 499
785, 785, 512
786, 786, 499
787, 787, 477
788, 788, 476
789, 789, 536
790, 790, 544
791, 791, 518
792, 792, 535
793, 793, 527
794, 794, 493
795, 795, 502
796, 796, 516
797, 797, 489
798, 798, 532
799, 799, 505
800, 800, 466
801, 801, 495
802, 802, 523
803, 803, 524
804, 804, 522
805, 805, 457
806, 806, 527
807, 807, 489
808, 808, 455
809, 809, 495
810, 810, 492
811, 811, 508
812, 812, 535
813, 813, 477
814, 814, 507
815, 815, 507
816, 816, 503
817, 817, 527
818, 818, 525
819, 819, 509
820, 820, 500
821, 821, 481
822, 822, 511
823, 823, 543
824, 824, 492
825, 825, 491
826, 826, 505
827, 827, 469
828, 828, 503
829, 829, 478
830, 830, 522
831, 831, 461
832, 832, 494
833, 833, 444
834, 834, 474
835, 835, 491
836, 836, 525
837, 837, 486
838, 838, 472
839, 839, 439
840, 840, 461
841, 841, 463
842, 842, 444
843, 843, 457
844, 844, 451
845, 845, 453
846, 846, 448
847, 847, 487
848, 848, 447
849, 849, 455
850, 850, 461
851, 851, 450
852, 852, 459
853, 853, 460
854, 854, 492
855, 855, 463
856, 856, 443
857, 857, 432
858, 858, 455
859, 859, 429
860, 860, 469
861, 861, 463
862, 862, 446
863, 863, 471
864, 864, 409
865, 865, 465
866, 866, 448
867, 867, 424
868, 868, 467
869, 869, 439
870, 870, 484
871, 871, 451
872, 872, 440
873, 873, 432
874, 874, 459
875, 875, 472
876, 876, 454
877, 877, 393
878, 878, 471
879, 879, 418
880, 880, 454
881, 881, 439
882, 882, 443
883, 883, 462
884, 884, 456
885, 885, 468
886, 886, 438
887, 887, 472
888, 888, 441
889, 889, 423
890, 890, 474
891, 891, 452
892, 892, 411
893, 893, 413
894, 894, 425
895, 895, 460
896, 896, 442
897, 897, 442
898, 898, 446
899, 899, 440
900, 900, 430
901, 901, 468
902, 902, 430
903, 903, 425
904, 904, 435
905, 905, 447
906, 906, 441
907, 907, 446
908, 908, 459
909, 909, 437
910, 910, 442
911, 911, 426
912, 912, 441
913, 913, 439
914, 914, 455
915, 915, 445
916, 916, 442
917, 917, 459
918, 918, 419
919, 919, 452
920, 920, 438
921, 921, 427
922, 922, 460
923, 923, 437
924, 924, 404
925, 925, 433
926, 926, 430
927, 927, 431
928, 928, 434
929, 929, 431
930, 930, 455
931, 931, 427
932, 932, 390
933, 933, 450
934, 934, 436
935, 935, 440
936, 936, 437
937, 937, 455
938, 938, 430
939, 939, 447
940, 940, 414
941, 941, 429
942, 942, 442
943, 943, 458
944, 944, 453
945, 945, 450
946, 946, 430
947, 947, 451
948, 948, 467
949, 949, 432
950, 950, 413
951, 951, 414
952, 952, 427
953, 953, 404
954, 954, 420
955, 955, 424
956, 956, 424
957, 957, 427
958, 958, 453
959, 959, 420
960, 960, 432
961, 961, 411
962, 962, 445
963, 963, 432
964, 964, 470
965, 965, 438
966, 966, 459
967, 967, 443
968, 968, 436
969, 969, 459
970, 970, 438
971, 971, 404
972, 972, 465
973, 973, 426
974, 974, 431
975, 975, 412
976, 976, 447
977, 977, 426
978, 978, 391
979, 979, 410
980, 980, 440
981, 981, 397
982, 982, 420
983, 983, 449
984, 984, 458
985, 985, 439
986, 986, 423
987, 987, 410
988, 988, 456
989, 989, 428
990, 990, 437
991, 991, 440
992, 992, 393
993, 993, 456
994, 994, 463
995, 995, 452
996, 996, 435
997, 997, 464
998, 998, 434
999, 999, 436
1000, 1000, 404
1001, 1001, 433
1002, 1002, 427
1003, 1003, 432
1004, 1004, 411
1005, 1005, 384
1006, 1006, 435
1007, 1007, 424
1008, 1008, 430
1009, 1009, 425
1010, 1010, 408
1011, 1011, 414
1012, 1012, 380
1013, 1013, 390
1014, 1014, 402
1015, 1015, 423
1016, 1016, 428
1017, 1017, 413
1018, 1018, 427
1019, 1019, 397
1020, 1020, 437
1021, 1021, 444
1022, 1022, 411
1023, 1023, 414
1024, 1024, 408
1025, 1025, 407
1026, 1026, 399
1027, 1027, 415
1028, 1028, 421
1029, 1029, 411
1030, 1030, 433
1031, 1031, 411
1032, 1032, 428
1033, 1033, 411
1034, 1034, 433
1035, 1035, 431
1036, 1036, 407
1037, 1037, 406
1038, 1038, 404
1039, 1039, 432
1040, 1040, 424
1041, 1041, 412
1042, 1042, 388
1043, 1043, 454
1044, 1044, 405
1045, 1045, 422
1046, 1046, 429
1047, 1047, 421
1048, 1048, 444
1049, 1049, 445
1050, 1050, 402
1051, 1051, 409
1052, 1052, 405
1053, 1053, 397
1054, 1054, 437
1055, 1055, 408
1056, 1056, 431
1057, 1057, 426
1058, 1058, 411
1059, 1059, 405
1060, 1060, 428
1061, 1061, 435
1062, 1062, 407
1063, 1063, 388
1064, 1064, 409
1065, 1065, 381
1066, 1066, 405
1067, 1067, 404
1068, 1068, 406
1069, 1069, 442
1070, 1070, 414
1071, 1071, 418
1072, 1072, 441
1073, 1073, 428
1074, 1074, 421
1075, 1075, 449
1076, 1076, 430
1077, 1077, 393
1078, 1078, 411
1079, 1079, 384
1080, 1080, 400
1081, 1081, 453
1082, 1082, 416
1083, 1083, 413
1084, 1084, 412
1085, 1085, 420
1086, 1086, 364
1087, 1087, 395
1088, 1088, 428
1089, 1089, 417
1090, 1090, 435
1091, 1091, 410
1092, 1092, 409
1093, 1093, 398
1094, 1094, 404
1095, 1095, 422
1096, 1096, 450
1097, 1097, 398
1098, 1098, 439
1099, 1099, 449
1100, 1100, 403
1101, 1101, 430
1102, 1102, 434
1103, 1103, 444
1104, 1104, 443
1105, 1105, 417
1106, 1106, 424
1107, 1107, 405
1108, 1108, 449
1109, 1109, 463
1110, 1110, 462
1111, 1111, 411
1112, 1112, 414
1113, 1113, 435
1114, 1114, 407
1115, 1115, 436
1116, 1116, 386
1117, 1117, 438
1118, 1118, 427
1119, 1119, 440
1120, 1120, 416
1121, 1121, 433
1122, 1122, 406
1123, 1123, 404
1124, 1124, 412
1125, 1125, 442
1126, 1126, 454
1127, 1127, 421
1128, 1128, 437
1129, 1129, 364
1130, 1130, 446
1131, 1131, 431
1132, 1132, 385
1133, 1133, 426
1134, 1134, 431
1135, 1135, 408
1136, 1136, 416
1137, 1137, 415
1138, 1138, 423
1139, 1139, 428
1140, 1140, 428
1141, 1141, 433
1142, 1142, 429
1143, 1143, 396
1144, 1144, 366
1145, 1145, 414
1146, 1146, 408
1147, 1147, 400
1148, 1148, 422
1149, 1149, 450
1150, 1150, 393
1151, 1151, 411
1152, 1152, 421
1153, 1153, 432
1154, 1154, 407
1155, 1155, 393
1156, 1156, 420
1157, 1157, 418
1158, 1158, 441
1159, 1159, 435
1160, 1160, 441
1161, 1161, 475
1162, 1162, 367
1163, 1163, 406
1164, 1164, 394
1165, 1165, 416
1166, 1166, 399
1167, 1167, 422
1168, 1168, 404
1169, 1169, 419
1170, 1170, 389
1171, 1171, 404
1172, 1172, 424
1173, 1173, 402
1174, 1174, 411
1175, 1175, 384
1176, 1176, 408
1177, 1177, 393
1178, 1178, 423
1179, 1179, 413
1180, 1180, 451
1181, 1181, 376
1182, 1182, 417
1183, 1183, 373
1184, 1184, 383
1185, 1185, 379
1186, 1186, 422
1187, 1187, 366
1188, 1188, 413
1189, 1189, 422
1190, 1190, 421
1191, 1191, 402
1192, 1192, 374
1193, 1193, 422
1194, 1194, 411
1195, 1195, 376
1196, 1196, 407
1197, 1197, 388
1198, 1198, 386
1199, 1199, 386
1200, 1200, 390
1201, 1201, 379
1202, 1202, 393
1203, 1203, 406
1204, 1204, 382
1205, 1205, 388
1206, 1206, 399
1207, 1207, 362
1208, 1208, 410
1209, 1209, 369
1210, 1210, 369
1211, 1211, 376
1212, 1212, 360
1213, 1213, 367
1214, 1214, 387
1215, 1215, 369
1216, 1216, 370
1217, 1217, 364
1218, 1218, 353
1219, 1219, 381
1220, 1220, 367
1221, 1221, 368
1222, 1222, 359
1223, 1223, 389
1224, 1224, 354
1225, 1225, 358
1226, 1226, 373
1227, 1227, 375
1228, 1228, 333
1229, 1229, 354
1230, 1230, 328
1231, 1231, 343
1232, 1232, 331
1233, 1233, 380
1234, 1234, 323
1235, 1235, 353
1236, 1236, 372
1237, 1237, 324
1238, 1238, 338
1239, 1239, 339
1240, 1240, 321
1241, 1241, 317
1242, 1242, 338
1243, 1243, 323
1244, 1244, 340
1245, 1245, 325
1246, 1246, 309
1247, 1247, 329
1248, 1248, 345
1249, 1249, 349
1250, 1250, 322
1251, 1251, 348
1252, 1252, 327
1253, 1253, 317
1254, 1254, 313
1255, 1255, 339
1256, 1256, 345
1257, 1257, 313
1258, 1258, 343
1259, 1259, 280
1260, 1260, 302
1261, 1261, 334
1262, 1262, 295
1263, 1263, 316
1264, 1264, 326
1265, 1265, 321
1266, 1266, 302
1267, 1267, 305
1268, 1268, 293
1269, 1269, 287
1270, 1270, 322
1271, 1271, 307
1272, 1272, 317
1273, 1273, 310
1274, 1274, 297
1275, 1275, 300
1276, 1276, 324
1277, 1277, 306
1278, 1278, 324
1279, 1279, 302
1280, 1280, 288
1281, 1281, 313
1282, 1282, 299
1283, 1283, 275
1284, 1284, 284
1285, 1285, 318
1286, 1286, 323
1287, 1287, 294
1288, 1288, 270
1289, 1289, 278
1290, 1290, 293
1291, 1291, 287
1292, 1292, 286
1293, 1293, 290
1294, 1294, 305
1295, 1295, 312
1296, 1296, 277
1297, 1297, 287
1298, 1298, 265
1299, 1299, 288
1300, 1300, 302
1301, 1301, 289
1302, 1302, 308
1303, 1303, 260
1304, 1304, 288
1305, 1305, 278
1306, 1306, 269
1307, 1307, 300
1308, 1308, 294
1309, 1309, 275
1310, 1310, 297
1311, 1311, 283
1312, 1312, 261
1313, 1313, 265
1314, 1314, 280
1315, 1315, 276
1316, 1316, 292
1317, 1317, 305
1318, 1318, 253
1319, 1319, 250
1320, 1320, 249
1321, 1321, 259
1322, 1322, 264
1323, 1323, 269
1324, 1324, 279
1325, 1325, 277
1326, 1326, 286
1327, 1327, 230
1328, 1328, 258
1329, 1329, 270
1330, 1330, 277
1331, 1331, 286
1332, 1332, 302
1333, 1333, 281
1334, 1334, 258
1335, 1335, 257
1336, 1336, 231
1337, 1337, 287
1338, 1338, 253
1339, 1339, 251
1340, 1340, 259
1341, 1341, 295
1342, 1342, 283
1343, 1343, 285
1344, 1344, 260
1345, 1345, 244
1346, 1346, 270
1347, 1347, 282
1348, 1348, 270
1349, 1349, 231
1350, 1350, 224
1351, 1351, 284
1352, 1352, 243
1353, 1353, 235
1354, 1354, 260
1355, 1355, 233
1356, 1356, 235
1357, 1357, 250
1358, 1358, 272
1359, 1359, 261
1360, 1360, 268
1361, 1361, 243
1362, 1362, 269
1363, 1363, 241
1364, 1364, 259
1365, 1365, 250
1366, 1366, 239
1367, 1367, 242
1368, 1368, 224
1369, 1369, 233
1370, 1370, 221
1371, 1371, 274
1372, 1372, 266
1373, 1373, 268
1374, 1374, 244
1375, 1375, 235
1376, 1376, 238
1377, 1377, 229
1378, 1378, 224
1379, 1379, 214
1380, 1380, 223
1381, 1381, 236
1382, 1382, 246
1383, 1383, 252
1384, 1384, 230
1385, 1385, 213
1386, 1386, 227
1387, 1387, 250
1388, 1388, 241
1389, 1389, 237
1390, 1390, 202
1391, 1391, 239
1392, 1392, 216
1393, 1393, 190
1394, 1394, 240
1395, 1395, 232
1396, 1396, 237
1397, 1397, 226
1398, 1398, 224
1399, 1399, 232
1400, 1400, 236
1401, 1401, 224
1402, 1402, 207
1403, 1403, 216
1404, 1404, 223
1405, 1405, 230
1406, 1406, 230
1407, 1407, 219
1408, 1408, 215
1409, 1409, 223
1410, 1410, 217
1411, 1411, 189
1412, 1412, 247
1413, 1413, 216
1414, 1414, 235
1415, 1415, 237
1416, 1416, 215
1417, 1417, 206
1418, 1418, 200
1419, 1419, 211
1420, 1420, 231
1421, 1421, 229
1422, 1422, 230
1423, 1423, 204
1424, 1424, 227
1425, 1425, 214
1426, 1426, 199
1427, 1427, 235
1428, 1428, 203
1429, 1429, 227
1430, 1430, 226
1431, 1431, 216
1432, 1432, 220
1433, 1433, 219
1434, 1434, 248
1435, 1435, 196
1436, 1436, 283
1437, 1437, 259
1438, 1438, 239
1439, 1439, 250
1440, 1440, 243
1441, 1441, 245
1442, 1442, 223
1443, 1443, 250
1444, 1444, 239
1445, 1445, 271
1446, 1446, 269
1447, 1447, 268
1448, 1448, 273
1449, 1449, 256
1450, 1450, 259
1451, 1451, 260
1452, 1452, 272
1453, 1453, 304
1454, 1454, 298
1455, 1455, 283
1456, 1456, 273
1457, 1457, 309
1458, 1458, 334
1459, 1459, 301
1460, 1460, 309
1461, 1461, 320
1462, 1462, 370
1463, 1463, 318
1464, 1464, 358
1465, 1465, 346
1466, 1466, 365
1467, 1467, 356
1468, 1468, 385
1469, 1469, 372
1470, 1470, 346
1471, 1471, 392
1472, 1472, 366
1473, 1473, 387
1474, 1474, 392
1475, 1475, 458
1476, 1476, 405
1477, 1477, 459
1478, 1478, 399
1479, 1479, 444
1480, 1480, 458
1481, 1481, 439
1482, 1482, 472
1483, 1483, 447
1484, 1484, 499
1485, 1485, 466
1486, 1486, 469
1487, 1487, 520
1488, 1488, 481
1489, 1489, 510
1490, 1490, 513
1491, 1491, 536
1492, 1492, 543
1493, 1493, 546
1494, 1494, 565
1495, 1495, 512
1496, 1496, 589
1497, 1497, 601
1498, 1498, 546
1499, 1499, 545
1500, 1500, 582
1501, 1501, 556
1502, 1502, 588
1503, 1503, 581
1504, 1504, 589
1505, 1505, 625
1506, 1506, 654
1507, 1507, 589
1508, 1508, 643
1509, 1509, 617
1510, 1510, 659
1511, 1511, 645
1512, 1512, 662
1513, 1513, 638
1514, 1514, 643
1515, 1515, 618
1516, 1516, 613
1517, 1517, 598
1518, 1518, 633
1519, 1519, 636
1520, 1520, 666
1521, 1521, 604
1522, 1522, 658
1523, 1523, 622
1524, 1524, 586
1525, 1525, 606
1526, 1526, 602
1527, 1527, 587
1528, 1528, 599
1529, 1529, 648
1530, 1530, 556
1531, 1531, 584
1532, 1532, 572
1533, 1533, 620
1534, 1534, 611
1535, 1535, 604
1536, 1536, 575
1537, 1537, 561
1538, 1538, 588
1539, 1539, 541
1540, 1540, 515
1541, 1541, 560
1542, 1542, 543
1543, 1543, 546
1544, 1544, 523
1545, 1545, 493
1546, 1546, 530
1547, 1547, 507
1548, 1548, 486
1549, 1549, 490
1550, 1550, 489
1551, 1551, 468
1552, 1552, 456
1553, 1553, 439
1554, 1554, 420
1555, 1555, 408
1556, 1556, 419
1557, 1557, 413
1558, 1558, 386
1559, 1559, 403
1560, 1560, 378
1561, 1561, 369
1562, 1562, 376
1563, 1563, 331
1564, 1564, 351
1565, 1565, 331
1566, 1566, 325
1567, 1567, 346
1568, 1568, 312
1569, 1569, 318
1570, 1570, 325
1571, 1571, 257
1572, 1572, 303
1573, 1573, 276
1574, 1574, 279
1575, 1575, 270
1576, 1576, 245
1577, 1577, 260
1578, 1578, 280
1579, 1579, 225
1580, 1580, 230
1581, 1581, 202
1582, 1582, 213
1583, 1583, 199
1584, 1584, 198
1585, 1585, 168
1586, 1586, 191
1587, 1587, 175
1588, 1588, 188
1589, 1589, 193
1590, 1590, 157
1591, 1591, 153
1592, 1592, 166
1593, 1593, 169
1594, 1594, 167
1595, 1595, 137
1596, 1596, 153
1597, 1597, 122
1598, 1598, 163
1599, 1599, 128
1600, 1600, 147
1601, 1601, 147
1602, 1602, 134
1603, 1603, 155
1604, 1604, 124
1605, 1605, 123
1606, 1606, 124
1607, 1607, 123
1608, 1608, 141
1609, 1609, 107
1610, 1610, 116
1611, 1611, 115
1612, 1612, 122
1613, 1613, 103
1614, 1614, 103
1615, 1615, 117
1616, 1616, 122
1617, 1617, 122
1618, 1618, 113
1619, 1619, 109
1620, 1620, 110
1621, 1621, 113
1622, 1622, 97
1623, 1623, 123
1624, 1624, 112
1625, 1625, 99
1626, 1626, 119
1627, 1627, 124
1628, 1628, 121
1629, 1629, 116
1630, 1630, 116
1631, 1631, 118
1632, 1632, 128
1633, 1633, 126
1634, 1634, 118
1635, 1635, 138
1636, 1636, 128
1637, 1637, 123
1638, 1638, 115
1639, 1639, 130
1640, 1640, 145
1641, 1641, 165
1642, 1642, 141
1643, 1643, 160
1644, 1644, 129
1645, 1645, 156
1646, 1646, 161
1647, 1647, 163
1648, 1648, 146
1649, 1649, 177
1650, 1650, 164
1651, 1651, 147
1652, 1652, 177
1653, 1653, 185
1654, 1654, 205
1655, 1655, 213
1656, 1656, 163
1657, 1657, 190
1658, 1658, 207
1659, 1659, 229
1660, 1660, 201
1661, 1661, 245
1662, 1662, 230
1663, 1663, 254
1664, 1664, 257
1665, 1665, 247
1666, 1666, 274
1667, 1667, 250
1668, 1668, 286
1669, 1669, 273
1670, 1670, 307
1671, 1671, 270
1672, 1672, 295
1673, 1673, 320
1674, 1674, 308
1675, 1675, 315
1676, 1676, 330
1677, 1677, 306
1678, 1678, 329
1679, 1679, 355
1680, 1680, 366
1681, 1681, 365
1682, 1682, 352
1683, 1683, 367
1684, 1684, 359
1685, 1685, 355
1686, 1686, 388
1687, 1687, 411
1688, 1688, 365
1689, 1689, 376
1690, 1690, 430
1691, 1691, 438
1692, 1692, 398
1693, 1693, 427
1694, 1694, 419
1695, 1695, 429
1696, 1696, 451
1697, 1697, 411
1698, 1698, 482
1699, 1699, 480
1700, 1700, 448
1701, 1701, 482
1702, 1702, 456
1703, 1703, 477
1704, 1704, 494
1705, 1705, 490
1706, 1706, 504
1707, 1707, 468
1708, 1708, 481
1709, 1709, 474
1710, 1710, 494
1711, 1711, 467
1712, 1712, 529
1713, 1713, 471
1714, 1714, 484
1715, 1715, 470
1716, 1716, 495
1717, 1717, 475
1718, 1718, 505
1719, 1719, 455
1720, 1720, 453
1721, 1721, 468
1722, 1722, 513
1723, 1723, 462
1724, 1724, 458
1725, 1725, 493
1726, 1726, 520
1727, 1727, 476
1728, 1728, 536
1729, 1729, 458
1730, 1730, 423
1731, 1731, 468
1732, 1732, 465
1733, 1733, 462
1734, 1734, 481
1735, 1735, 484
1736, 1736, 466
1737, 1737, 422
1738, 1738, 453
1739, 1739, 421
1740, 1740, 432
1741, 1741, 411
1742, 1742, 451
1743, 1743, 397
1744, 1744, 422
1745, 1745, 455
1746, 1746, 378
1747, 1747, 428
1748, 1748, 372
1749, 1749, 379
1750, 1750, 392
1751, 1751, 364
1752, 1752, 377
1753, 1753, 335
1754, 1754, 340
1755, 1755, 356
1756, 1756, 316
1757, 1757, 340
1758, 1758, 328
1759, 1759, 319
1760, 1760, 310
1761, 1761, 302
1762, 1762, 340
1763, 1763, 274
1764, 1764, 314
1765, 1765, 253
1766, 1766, 283
1767, 1767, 261
1768, 1768, 275
1769, 1769, 250
1770, 1770, 257
1771, 1771, 272
1772, 1772, 240
1773, 1773, 206
1774, 1774, 254
1775, 1775, 197
1776, 1776, 208
1777, 1777, 213
1778, 1778, 197
1779, 1779, 191
1780, 1780, 180
1781, 1781, 199
1782, 1782, 169
1783, 1783, 199
1784, 1784, 179
1785, 1785, 155
1786, 1786, 177
1787, 1787, 162
1788, 1788, 155
1789, 1789, 151
1790, 1790, 126
1791, 1791, 152
1792, 1792, 130
1793, 1793, 128
1794, 1794, 145
1795, 1795, 133
1796, 1796, 101
1797, 1797, 129
1798, 1798, 117
1799, 1799, 124
1800, 1800, 97
1801, 1801, 105
1802, 1802, 84
1803, 1803, 93
1804, 1804, 99
1805, 1805, 82
1806, 1806, 90
1807, 1807, 92
1808, 1808, 71
1809, 1809, 91
1810, 1810, 73
1811, 1811, 82
1812, 1812, 68
1813, 1813, 86
1814, 1814, 93
1815, 1815, 60
1816, 1816, 79
1817, 1817, 63
1818, 1818, 67
1819, 1819, 64
1820, 1820, 60
1821, 1821, 67
1822, 1822, 65
1823, 1823, 60
1824, 1824, 53
1825, 1825, 51
1826, 1826, 64
1827, 1827, 50
1828, 1828, 71
1829, 1829, 46
1830, 1830, 64
1831, 1831, 63
1832, 1832, 58
1833, 1833, 44
1834, 1834, 47
1835, 1835, 57
1836, 1836, 35
1837, 1837, 62
1838, 1838, 58
1839, 1839, 45
1840, 1840, 40
1841, 1841, 53
1842, 1842, 46
1843, 1843, 40
1844, 1844, 59
1845, 1845, 52
1846, 1846, 55
1847, 1847, 55
1848, 1848, 49
1849, 1849, 51
1850, 1850, 54
1851, 1851, 45
1852, 1852, 39
1853, 1853, 50
1854, 1854, 45
1855, 1855, 45
1856, 1856, 43
1857, 1857, 54
1858, 1858, 46
1859, 1859, 39
1860, 1860, 43
1861, 1861, 55
1862, 1862, 49
1863, 1863, 50
1864, 1864, 33
1865, 1865, 45
1866, 1866, 41
1867, 1867, 48
1868, 1868, 37
1869, 1869, 32
1870, 1870, 42
1871, 1871, 43
1872, 1872, 51
1873, 1873, 42
1874, 1874, 41
1875, 1875, 46
1876, 1876, 48
1877, 1877, 53
1878, 1878, 50
1879, 1879, 44
1880, 1880, 42
1881, 1881, 36
1882, 1882, 48
1883, 1883, 49
1884, 1884, 39
1885, 1885, 52
1886, 1886, 32
1887, 1887, 34
1888, 1888, 49
1889, 1889, 41
1890, 1890, 40
1891, 1891, 44
1892, 1892, 39
1893, 1893, 40
1894, 1894, 55
1895, 1895, 44
1896, 1896, 39
1897, 1897, 45
1898, 1898, 44
1899, 1899, 33
1900, 1900, 27
1901, 1901, 42
1902, 1902, 47
1903, 1903, 40
1904, 1904, 37
1905, 1905, 33
1906, 1906, 36
1907, 1907, 36
1908, 1908, 43
1909, 1909, 36
1910, 1910, 36
1911, 1911, 39
1912, 1912, 25
1913, 1913, 43
1914, 1914, 44
1915, 1915, 35
1916, 1916, 41
1917, 1917, 46
1918, 1918, 33
1919, 1919, 38
1920, 1920, 38
1921, 1921, 35
1922, 1922, 27
1923, 1923, 36
1924, 1924, 28
1925, 1925, 28
1926, 1926, 26
1927, 1927, 24
1928, 1928, 28
1929, 1929, 32
1930, 1930, 33
1931, 1931, 41
1932, 1932, 34
1933, 1933, 23
1934, 1934, 29
1935, 1935, 35
1936, 1936, 26
1937, 1937, 35
1938, 1938, 25
1939, 1939, 32
1940, 1940, 29
1941, 1941, 30
1942, 1942, 34
1943, 1943, 21
1944, 1944, 30
1945, 1945, 25
1946, 1946, 29
1947, 1947, 23
1948, 1948, 35
1949, 1949, 31
1950, 1950, 14
1951, 1951, 20
1952, 1952, 36
1953, 1953, 24
1954, 1954, 26
1955, 1955, 19
1956, 1956, 22
1957, 1957, 22
1958, 1958, 19
1959, 1959, 22
1960, 1960, 26
1961, 1961, 25
1962, 1962, 22
1963, 1963, 26
1964, 1964, 19
1965, 1965, 19
1966, 1966, 22
1967, 1967, 28
1968, 1968, 26
1969, 1969, 33
1970, 1970, 24
1971, 1971, 27
1972, 1972, 17
1973, 1973, 12
1974, 1974, 12
1975, 1975, 17
1976, 1976, 23
1977, 1977, 15
1978, 1978, 20
1979, 1979, 30
1980, 1980, 20
1981, 1981, 26
1982, 1982, 24
1983, 1983, 20
1984, 1984, 20
1985, 1985, 20
1986, 1986, 23
1987, 1987, 19
1988, 1988, 28
1989, 1989, 12
1990, 1990, 19
1991, 1991, 16
1992, 1992, 19
1993, 1993, 16
1994, 1994, 29
1995, 1995, 22
1996, 1996, 16
1997, 1997, 26
1998, 1998, 20
1999, 1999, 21
2000, 2000, 19
2001, 2001, 28
2002, 2002, 18
2003, 2003, 13
2004, 2004, 20
2005, 2005, 12
2006, 2006, 13
2007, 2007, 13
2008, 2008, 14
2009, 2009, 14
2010, 2010, 21
2011, 2011, 14
2012, 2012, 15
2013, 2013, 18
2014, 2014, 20
2015, 2015, 22
2016, 2016, 26
2017, 2017, 15
2018, 2018, 20
2019, 2019, 16
2020, 2020, 15
2021, 2021, 17
2022, 2022, 14
2023, 2023, 18
2024, 2024, 9
2025, 2025, 21
2026, 2026, 24
2027, 2027, 16
2028, 2028, 16
2029, 2029, 19
2030, 2030, 15
2031, 2031, 26
2032, 2032, 20
2033, 2033, 15
2034, 2034, 24
2035, 2035, 19
2036, 2036, 19
2037, 2037, 24
2038, 2038, 21
2039, 2039, 20
2040, 2040, 9
2041, 2041, 21
2042, 2042, 12
2043, 2043, 15
2044, 2044, 20
2045, 2045, 22
2046, 2046, 26
2047, 2047, 23
2048, 2048, 19
