Start Time, Tue Feb 17 17:33:07 GMT+0000 2026
Energy calibration,  Offset: 0, Slope: 1, Quadratic: 0
Live Time (s), 337267.986639
Real Time (s), 337289.391285
Elapsed Computational, 0
Spectrum
Channel, Energy (keV), Counts
1, 1, 0
2, 2, 0
3, 3, 0
4, 4, 0
5, 5, 0
6, 6, 0
7, 7, 0
8, 8, 0
9, 9, 0
10, 10, 1893
11, 11, 1746
12, 12, 1501
13, 13, 1436
14, 14, 1364
15, 15, 1289
16, 16, 1372
17, 17, 1229
18, 18, 1347
19, 19, 1267
20, 20, 1265
21, 21, 1341
22, 22, 1386
23, 23, 1413
24, 24, 1327
25, 25, 1406
26, 26, 1440
27, 27, 1450
28, 28, 1503
29, 29, 1495
30, 30, 1460
31, 31, 1386
32, 32, 1379
33, 33, 1273
34, 34, 1203
35, 35, 1259
36, 36, 1238
37, 37, 1300
38, 38, 1231
39, 39, 1257
40, 40, 1335
41, 41, 1414
42, 42, 1421
43, 43, 1470
44, 44, 1442
45, 45, 1490
46, 46, 1505
47, 47, 1490
48, 48, 1542
49, 49, 1512
50, 50, 1513
51, 51, 1470
52, 52, 1517
53, 53, 1352
54, 54, 1489
55, 55, 1407
56, 56, 1494
57, 57, 1427
58, 58, 1571
59, 59, 1541
60, 60, 1697
61, 61, 1627
62, 62, 1822
63, 63, 1916
64, 64, 1965
65, 65, 2178
66, 66, 2218
67, 67, 2391
68, 68, 2674
69, 69, 2723
70, 70, 2942
71, 71, 3050
72, 72, 2907
73, 73, 2968
74, 74, 2995
75, 75, 2915
76, 76, 2820
77, 77, 2649
78, 78, 2550
79, 79, 2499
80, 80, 2452
81, 81, 2367
82, 82, 2368
83, 83, 2379
84, 84, 2337
85, 85, 2421
86, 86, 2358
87, 87, 2512
88, 88, 2567
89, 89, 2649
90, 90, 2699
91, 91, 2775
92, 92, 2890
93, 93, 3039
94, 94, 3040
95, 95, 3081
96, 96, 3222
97, 97, 3358
98, 98, 3584
99, 99, 3738
100, 100, 4106
101, 101, 4344
102, 102, 4726
103, 103, 5059
104, 104, 5242
105, 105, 5740
106, 106, 6133
107, 107, 6513
108, 108, 6931
109, 109, 7448
110, 110, 7837
111, 111, 8041
112, 112, 8189
113, 113, 8511
114, 114, 8550
115, 115, 8437
116, 116, 8354
117, 117, 7911
118, 118, 7937
119, 119, 7710
120, 120, 7249
121, 121, 7024
122, 122, 6994
123, 123, 6715
124, 124, 6680
125, 125, 6642
126, 126, 6381
127, 127, 6159
128, 128, 6138
129, 129, 5987
130, 130, 5996
131, 131, 5737
132, 132, 5626
133, 133, 5531
134, 134, 5215
135, 135, 5361
136, 136, 5267
137, 137, 4941
138, 138, 4718
139, 139, 4701
140, 140, 4501
141, 141, 4597
142, 142, 4427
143, 143, 4361
144, 144, 4325
145, 145, 4169
146, 146, 4240
147, 147, 4178
148, 148, 4156
149, 149, 4096
150, 150, 4100
151, 151, 4174
152, 152, 4179
153, 153, 3964
154, 154, 4240
155, 155, 4257
156, 156, 4110
157, 157, 4097
158, 158, 4067
159, 159, 4196
160, 160, 4191
161, 161, 4115
162, 162, 4152
163, 163, 4139
164, 164, 4118
165, 165, 4084
166, 166, 4132
167, 167, 4192
168, 168, 4111
169, 169, 4113
170, 170, 4037
171, 171, 4076
172, 172, 4123
173, 173, 4100
174, 174, 4145
175, 175, 4151
176, 176, 4119
177, 177, 4022
178, 178, 4027
179, 179, 4085
180, 180, 4095
181, 181, 4040
182, 182, 4085
183, 183, 4129
184, 184, 3984
185, 185, 3892
186, 186, 4086
187, 187, 4024
188, 188, 3927
189, 189, 4027
190, 190, 3886
191, 191, 3947
192, 192, 3929
193, 193, 4000
194, 194, 3820
195, 195, 3790
196, 196, 3850
197, 197, 3806
198, 198, 3846
199, 199, 3847
200, 200, 3721
201, 201, 3878
202, 202, 3749
203, 203, 3788
204, 204, 3652
205, 205, 3725
206, 206, 3694
207, 207, 3573
208, 208, 3620
209, 209, 3605
210, 210, 3593
211, 211, 3652
212, 212, 3497
213, 213, 3534
214, 214, 3539
215, 215, 3540
216, 216, 3480
217, 217, 3481
218, 218, 3527
219, 219, 3326
220, 220, 3459
221, 221, 3504
222, 222, 3249
223, 223, 3270
224, 224, 3314
225, 225, 3373
226, 226, 3476
227, 227, 3323
228, 228, 3288
229, 229, 3249
230, 230, 3383
231, 231, 3231
232, 232, 3187
233, 233, 3202
234, 234, 3206
235, 235, 3190
236, 236, 3181
237, 237, 3091
238, 238, 3208
239, 239, 3101
240, 240, 3087
241, 241, 3045
242, 242, 3169
243, 243, 3078
244, 244, 3116
245, 245, 3043
246, 246, 3031
247, 247, 2962
248, 248, 3070
249, 249, 3100
250, 250, 3015
251, 251, 2913
252, 252, 2963
253, 253, 2923
254, 254, 2965
255, 255, 2875
256, 256, 2931
257, 257, 2955
258, 258, 2885
259, 259, 2876
260, 260, 2818
261, 261, 2773
262, 262, 2871
263, 263, 2872
264, 264, 2805
265, 265, 2815
266, 266, 2849
267, 267, 2768
268, 268, 2733
269, 269, 2721
270, 270, 2743
271, 271, 2772
272, 272, 2735
273, 273, 2701
274, 274, 2755
275, 275, 2671
276, 276, 2692
277, 277, 2683
278, 278, 2682
279, 279, 2760
280, 280, 2609
281, 281, 2626
282, 282, 2574
283, 283, 2574
284, 284, 2622
285, 285, 2574
286, 286, 2601
287, 287, 2601
288, 288, 2543
289, 289, 2551
290, 290, 2403
291, 291, 2496
292, 292, 2556
293, 293, 2458
294, 294, 2376
295, 295, 2465
296, 296, 2395
297, 297, 2378
298, 298, 2456
299, 299, 2426
300, 300, 2407
301, 301, 2373
302, 302, 2457
303, 303, 2443
304, 304, 2317
305, 305, 2475
306, 306, 2254
307, 307, 2315
308, 308, 2319
309, 309, 2351
310, 310, 2334
311, 311, 2265
312, 312, 2303
313, 313, 2319
314, 314, 2378
315, 315, 2285
316, 316, 2253
317, 317, 2308
318, 318, 2375
319, 319, 2242
320, 320, 2316
321, 321, 2279
322, 322, 2312
323, 323, 2393
324, 324, 2301
325, 325, 2273
326, 326, 2343
327, 327, 2263
328, 328, 2263
329, 329, 2296
330, 330, 2314
331, 331, 2309
332, 332, 2213
333, 333, 2277
334, 334, 2238
335, 335, 2194
336, 336, 2196
337, 337, 2180
338, 338, 2263
339, 339, 2167
340, 340, 2154
341, 341, 2116
342, 342, 2205
343, 343, 2088
344, 344, 1989
345, 345, 2077
346, 346, 2084
347, 347, 1959
348, 348, 1999
349, 349, 2007
350, 350, 1952
351, 351, 1959
352, 352, 1943
353, 353, 1916
354, 354, 1973
355, 355, 1854
356, 356, 1888
357, 357, 1825
358, 358, 1824
359, 359, 1794
360, 360, 1731
361, 361, 1829
362, 362, 1730
363, 363, 1737
364, 364, 1737
365, 365, 1733
366, 366, 1695
367, 367, 1743
368, 368, 1816
369, 369, 1751
370, 370, 1755
371, 371, 1607
372, 372, 1665
373, 373, 1665
374, 374, 1658
375, 375, 1672
376, 376, 1669
377, 377, 1650
378, 378, 1722
379, 379, 1574
380, 380, 1681
381, 381, 1561
382, 382, 1654
383, 383, 1648
384, 384, 1590
385, 385, 1624
386, 386, 1648
387, 387, 1686
388, 388, 1640
389, 389, 1522
390, 390, 1624
391, 391, 1636
392, 392, 1517
393, 393, 1560
394, 394, 1601
395, 395, 1545
396, 396, 1543
397, 397, 1567
398, 398, 1546
399, 399, 1573
400, 400, 1514
401, 401, 1556
402, 402, 1566
403, 403, 1569
404, 404, 1531
405, 405, 1546
406, 406, 1502
407, 407, 1540
408, 408, 1543
409, 409, 1513
410, 410, 1441
411, 411, 1542
412, 412, 1516
413, 413, 1436
414, 414, 1482
415, 415, 1509
416, 416, 1457
417, 417, 1442
418, 418, 1388
419, 419, 1454
420, 420, 1355
421, 421, 1353
422, 422, 1365
423, 423, 1367
424, 424, 1355
425, 425, 1366
426, 426, 1366
427, 427, 1325
428, 428, 1344
429, 429, 1291
430, 430, 1334
431, 431, 1273
432, 432, 1279
433, 433, 1336
434, 434, 1277
435, 435, 1271
436, 436, 1307
437, 437, 1264
438, 438, 1251
439, 439, 1334
440, 440, 1254
441, 441, 1318
442, 442, 1182
443, 443, 1182
444, 444, 1283
445, 445, 1272
446, 446, 1205
447, 447, 1241
448, 448, 1197
449, 449, 1228
450, 450, 1206
451, 451, 1195
452, 452, 1220
453, 453, 1215
454, 454, 1243
455, 455, 1208
456, 456, 1248
457, 457, 1218
458, 458, 1242
459, 459, 1233
460, 460, 1162
461, 461, 1227
462, 462, 1228
463, 463, 1204
464, 464, 1199
465, 465, 1153
466, 466, 1236
467, 467, 1304
468, 468, 1268
469, 469, 1175
470, 470, 1204
471, 471, 1196
472, 472, 1150
473, 473, 1212
474, 474, 1252
475, 475, 1256
476, 476, 1161
477, 477, 1171
478, 478, 1182
479, 479, 1169
480, 480, 1141
481, 481, 1154
482, 482, 1167
483, 483, 1178
484, 484, 1129
485, 485, 1147
486, 486, 1157
487, 487, 1147
488, 488, 1130
489, 489, 1094
490, 490, 1087
491, 491, 1129
492, 492, 1034
493, 493, 1114
494, 494, 1098
495, 495, 1080
496, 496, 1067
497, 497, 1079
498, 498, 1012
499, 499, 1083
500, 500, 1058
501, 501, 1046
502, 502, 1000
503, 503, 988
504, 504, 982
505, 505, 968
506, 506, 961
507, 507, 1001
508, 508, 943
509, 509, 953
510, 510, 912
511, 511, 902
512, 512, 908
513, 513, 888
514, 514, 879
515, 515, 887
516, 516, 877
517, 517, 854
518, 518, 891
519, 519, 907
520, 520, 840
521, 521, 838
522, 522, 920
523, 523, 819
524, 524, 866
525, 525, 829
526, 526, 824
527, 527, 907
528, 528, 850
529, 529, 823
530, 530, 814
531, 531, 835
532, 532, 816
533, 533, 814
534, 534, 824
535, 535, 783
536, 536, 778
537, 537, 779
538, 538, 763
539, 539, 799
540, 540, 763
541, 541, 782
542, 542, 753
543, 543, 808
544, 544, 798
545, 545, 827
546, 546, 846
547, 547, 761
548, 548, 813
549, 549, 798
550, 550, 805
551, 551, 829
552, 552, 832
553, 553, 767
554, 554, 756
555, 555, 770
556, 556, 739
557, 557, 772
558, 558, 718
559, 559, 759
560, 560, 766
561, 561, 793
562, 562, 744
563, 563, 754
564, 564, 732
565, 565, 747
566, 566, 719
567, 567, 742
568, 568, 744
569, 569, 731
570, 570, 713
571, 571, 717
572, 572, 720
573, 573, 738
574, 574, 679
575, 575, 701
576, 576, 735
577, 577, 667
578, 578, 726
579, 579, 692
580, 580, 692
581, 581, 714
582, 582, 717
583, 583, 693
584, 584, 702
585, 585, 707
586, 586, 662
587, 587, 686
588, 588, 699
589, 589, 668
590, 590, 661
591, 591, 663
592, 592, 682
593, 593, 658
594, 594, 752
595, 595, 670
596, 596, 681
597, 597, 668
598, 598, 647
599, 599, 663
600, 600, 677
601, 601, 698
602, 602, 648
603, 603, 674
604, 604, 659
605, 605, 644
606, 606, 648
607, 607, 671
608, 608, 623
609, 609, 624
610, 610, 641
611, 611, 721
612, 612, 631
613, 613, 645
614, 614, 686
615, 615, 653
616, 616, 660
617, 617, 650
618, 618, 679
619, 619, 612
620, 620, 619
621, 621, 598
622, 622, 701
623, 623, 609
624, 624, 662
625, 625, 677
626, 626, 632
627, 627, 650
628, 628, 612
629, 629, 689
630, 630, 636
631, 631, 585
632, 632, 587
633, 633, 636
634, 634, 644
635, 635, 665
636, 636, 624
637, 637, 739
638, 638, 663
639, 639, 644
640, 640, 678
641, 641, 651
642, 642, 663
643, 643, 681
644, 644, 609
645, 645, 643
646, 646, 607
647, 647, 647
648, 648, 645
649, 649, 642
650, 650, 675
651, 651, 699
652, 652, 698
653, 653, 613
654, 654, 667
655, 655, 685
656, 656, 656
657, 657, 698
658, 658, 700
659, 659, 664
660, 660, 676
661, 661, 714
662, 662, 704
663, 663, 685
664, 664, 730
665, 665, 684
666, 666, 718
667, 667, 702
668, 668, 702
669, 669, 710
670, 670, 689
671, 671, 735
672, 672, 730
673, 673, 753
674, 674, 722
675, 675, 740
676, 676, 740
677, 677, 770
678, 678, 731
679, 679, 783
680, 680, 752
681, 681, 732
682, 682, 765
683, 683, 739
684, 684, 728
685, 685, 758
686, 686, 792
687, 687, 719
688, 688, 804
689, 689, 675
690, 690, 752
691, 691, 710
692, 692, 780
693, 693, 722
694, 694, 735
695, 695, 718
696, 696, 734
697, 697, 706
698, 698, 696
699, 699, 702
700, 700, 772
701, 701, 756
702, 702, 684
703, 703, 657
704, 704, 648
705, 705, 654
706, 706, 711
707, 707, 701
708, 708, 673
709, 709, 681
710, 710, 670
711, 711, 629
712, 712, 639
713, 713, 631
714, 714, 594
715, 715, 591
716, 716, 575
717, 717, 613
718, 718, 576
719, 719, 612
720, 720, 613
721, 721, 576
722, 722, 569
723, 723, 580
724, 724, 564
725, 725, 535
726, 726, 570
727, 727, 579
728, 728, 540
729, 729, 539
730, 730, 543
731, 731, 542
732, 732, 504
733, 733, 532
734, 734, 491
735, 735, 509
736, 736, 542
737, 737, 501
738, 738, 508
739, 739, 502
740, 740, 480
741, 741, 537
742, 742, 489
743, 743, 471
744, 744, 496
745, 745, 496
746, 746, 467
747, 747, 486
748, 748, 441
749, 749, 526
750, 750, 458
751, 751, 499
752, 752, 454
753, 753, 501
754, 754, 481
755, 755, 489
756, 756, 462
757, 757, 489
758, 758, 520
759, 759, 455
760, 760, 483
761, 761, 497
762, 762, 453
763, 763, 469
764, 764, 443
765, 765, 509
766, 766, 530
767, 767, 462
768, 768, 489
769, 769, 462
770, 770, 479
771, 771, 537
772, 772, 502
773, 773, 485
774, 774, 515
775, 775, 485
776, 776, 506
777, 777, 435
778, 778, 531
779, 779, 503
780, 780, 504
781, 781, 517
782, 782, 499
783, 783, 496
784, 784, 526
785, 785, 467
786, 786, 519
787, 787, 471
788, 788, 464
789, 789, 535
790, 790, 490
791, 791, 510
792, 792, 545
793, 793, 548
794, 794, 505
795, 795, 533
796, 796, 500
797, 797, 516
798, 798, 545
799, 799, 486
800, 800, 522
801, 801, 481
802, 802, 504
803, 803, 511
804, 804, 508
805, 805, 526
806, 806, 517
807, 807, 492
808, 808, 474
809, 809, 521
810, 810, 489
811, 811, 526
812, 812, 511
813, 813, 492
814, 814, 482
815, 815, 525
816, 816, 489
817, 817, 524
818, 818, 498
819, 819, 494
820, 820, 547
821, 821, 478
822, 822, 478
823, 823, 489
824, 824, 462
825, 825, 471
826, 826, 492
827, 827, 465
828, 828, 475
829, 829, 473
830, 830, 481
831, 831, 449
832, 832, 470
833, 833, 440
834, 834, 441
835, 835, 450
836, 836, 440
837, 837, 419
838, 838, 431
839, 839, 415
840, 840, 401
841, 841, 430
842, 842, 399
843, 843, 390
844, 844, 408
845, 845, 423
846, 846, 393
847, 847, 387
848, 848, 451
849, 849, 424
850, 850, 369
851, 851, 433
852, 852, 423
853, 853, 398
854, 854, 370
855, 855, 394
856, 856, 390
857, 857, 421
858, 858, 369
859, 859, 350
860, 860, 368
861, 861, 352
862, 862, 360
863, 863, 360
864, 864, 374
865, 865, 353
866, 866, 357
867, 867, 358
868, 868, 380
869, 869, 337
870, 870, 355
871, 871, 371
872, 872, 343
873, 873, 351
874, 874, 356
875, 875, 365
876, 876, 365
877, 877, 330
878, 878, 352
879, 879, 333
880, 880, 367
881, 881, 306
882, 882, 345
883, 883, 335
884, 884, 343
885, 885, 344
886, 886, 380
887, 887, 344
888, 888, 345
889, 889, 357
890, 890, 329
891, 891, 326
892, 892, 342
893, 893, 368
894, 894, 334
895, 895, 330
896, 896, 317
897, 897, 330
898, 898, 332
899, 899, 329
900, 900, 310
901, 901, 305
902, 902, 326
903, 903, 331
904, 904, 319
905, 905, 329
906, 906, 308
907, 907, 297
908, 908, 313
909, 909, 353
910, 910, 311
911, 911, 340
912, 912, 311
913, 913, 347
914, 914, 294
915, 915, 322
916, 916, 342
917, 917, 289
918, 918, 310
919, 919, 313
920, 920, 271
921, 921, 323
922, 922, 329
923, 923, 327
924, 924, 324
925, 925, 315
926, 926, 311
927, 927, 275
928, 928, 322
929, 929, 326
930, 930, 286
931, 931, 350
932, 932, 304
933, 933, 316
934, 934, 320
935, 935, 293
936, 936, 297
937, 937, 315
938, 938, 314
939, 939, 345
940, 940, 278
941, 941, 299
942, 942, 301
943, 943, 313
944, 944, 305
945, 945, 322
946, 946, 292
947, 947, 334
948, 948, 308
949, 949, 307
950, 950, 282
951, 951, 325
952, 952, 307
953, 953, 307
954, 954, 320
955, 955, 289
956, 956, 320
957, 957, 298
958, 958, 301
959, 959, 297
960, 960, 315
961, 961, 261
962, 962, 301
963, 963, 289
964, 964, 315
965, 965, 286
966, 966, 330
967, 967, 306
968, 968, 307
969, 969, 329
970, 970, 259
971, 971, 301
972, 972, 321
973, 973, 289
974, 974, 315
975, 975, 296
976, 976, 289
977, 977, 305
978, 978, 277
979, 979, 303
980, 980, 293
981, 981, 340
982, 982, 297
983, 983, 310
984, 984, 292
985, 985, 313
986, 986, 298
987, 987, 306
988, 988, 300
989, 989, 311
990, 990, 306
991, 991, 296
992, 992, 272
993, 993, 316
994, 994, 302
995, 995, 284
996, 996, 293
997, 997, 341
998, 998, 286
999, 999, 280
1000, 1000, 278
1001, 1001, 291
1002, 1002, 286
1003, 1003, 296
1004, 1004, 283
1005, 1005, 282
1006, 1006, 283
1007, 1007, 292
1008, 1008, 259
1009, 1009, 280
1010, 1010, 264
1011, 1011, 293
1012, 1012, 302
1013, 1013, 300
1014, 1014, 254
1015, 1015, 272
1016, 1016, 296
1017, 1017, 283
1018, 1018, 267
1019, 1019, 260
1020, 1020, 304
1021, 1021, 281
1022, 1022, 315
1023, 1023, 292
1024, 1024, 294
1025, 1025, 296
1026, 1026, 299
1027, 1027, 304
1028, 1028, 293
1029, 1029, 279
1030, 1030, 297
1031, 1031, 263
1032, 1032, 282
1033, 1033, 286
1034, 1034, 301
1035, 1035, 281
1036, 1036, 261
1037, 1037, 262
1038, 1038, 264
1039, 1039, 252
1040, 1040, 267
1041, 1041, 261
1042, 1042, 264
1043, 1043, 293
1044, 1044, 286
1045, 1045, 263
1046, 1046, 285
1047, 1047, 261
1048, 1048, 281
1049, 1049, 289
1050, 1050, 298
1051, 1051, 246
1052, 1052, 267
1053, 1053, 242
1054, 1054, 295
1055, 1055, 273
1056, 1056, 295
1057, 1057, 245
1058, 1058, 279
1059, 1059, 280
1060, 1060, 250
1061, 1061, 287
1062, 1062, 271
1063, 1063, 278
1064, 1064, 287
1065, 1065, 279
1066, 1066, 276
1067, 1067, 264
1068, 1068, 261
1069, 1069, 281
1070, 1070, 264
1071, 1071, 251
1072, 1072, 252
1073, 1073, 256
1074, 1074, 262
1075, 1075, 258
1076, 1076, 229
1077, 1077, 254
1078, 1078, 237
1079, 1079, 238
1080, 1080, 237
1081, 1081, 265
1082, 1082, 242
1083, 1083, 275
1084, 1084, 278
1085, 1085, 263
1086, 1086, 244
1087, 1087, 226
1088, 1088, 267
1089, 1089, 259
1090, 1090, 246
1091, 1091, 231
1092, 1092, 245
1093, 1093, 244
1094, 1094, 251
1095, 1095, 226
1096, 1096, 254
1097, 1097, 261
1098, 1098, 230
1099, 1099, 252
1100, 1100, 221
1101, 1101, 230
1102, 1102, 246
1103, 1103, 256
1104, 1104, 235
1105, 1105, 254
1106, 1106, 242
1107, 1107, 252
1108, 1108, 272
1109, 1109, 225
1110, 1110, 246
1111, 1111, 205
1112, 1112, 246
1113, 1113, 246
1114, 1114, 245
1115, 1115, 240
1116, 1116, 255
1117, 1117, 210
1118, 1118, 236
1119, 1119, 270
1120, 1120, 252
1121, 1121, 246
1122, 1122, 255
1123, 1123, 254
1124, 1124, 221
1125, 1125, 248
1126, 1126, 226
1127, 1127, 248
1128, 1128, 236
1129, 1129, 254
1130, 1130, 250
1131, 1131, 265
1132, 1132, 244
1133, 1133, 241
1134, 1134, 249
1135, 1135, 257
1136, 1136, 246
1137, 1137, 250
1138, 1138, 218
1139, 1139, 240
1140, 1140, 204
1141, 1141, 236
1142, 1142, 230
1143, 1143, 242
1144, 1144, 236
1145, 1145, 251
1146, 1146, 228
1147, 1147, 220
1148, 1148, 233
1149, 1149, 223
1150, 1150, 216
1151, 1151, 247
1152, 1152, 236
1153, 1153, 258
1154, 1154, 268
1155, 1155, 230
1156, 1156, 223
1157, 1157, 258
1158, 1158, 221
1159, 1159, 223
1160, 1160, 260
1161, 1161, 240
1162, 1162, 236
1163, 1163, 200
1164, 1164, 237
1165, 1165, 242
1166, 1166, 220
1167, 1167, 220
1168, 1168, 273
1169, 1169, 273
1170, 1170, 254
1171, 1171, 241
1172, 1172, 247
1173, 1173, 237
1174, 1174, 229
1175, 1175, 234
1176, 1176, 262
1177, 1177, 233
1178, 1178, 228
1179, 1179, 228
1180, 1180, 253
1181, 1181, 220
1182, 1182, 237
1183, 1183, 248
1184, 1184, 208
1185, 1185, 243
1186, 1186, 216
1187, 1187, 225
1188, 1188, 248
1189, 1189, 250
1190, 1190, 258
1191, 1191, 225
1192, 1192, 199
1193, 1193, 238
1194, 1194, 244
1195, 1195, 251
1196, 1196, 248
1197, 1197, 235
1198, 1198, 238
1199, 1199, 260
1200, 1200, 256
1201, 1201, 214
1202, 1202, 272
1203, 1203, 246
1204, 1204, 259
1205, 1205, 229
1206, 1206, 226
1207, 1207, 235
1208, 1208, 242
1209, 1209, 259
1210, 1210, 232
1211, 1211, 242
1212, 1212, 233
1213, 1213, 261
1214, 1214, 218
1215, 1215, 221
1216, 1216, 252
1217, 1217, 228
1218, 1218, 258
1219, 1219, 237
1220, 1220, 238
1221, 1221, 259
1222, 1222, 238
1223, 1223, 246
1224, 1224, 244
1225, 1225, 245
1226, 1226, 230
1227, 1227, 216
1228, 1228, 236
1229, 1229, 241
1230, 1230, 243
1231, 1231, 231
1232, 1232, 205
1233, 1233, 245
1234, 1234, 254
1235, 1235, 229
1236, 1236, 251
1237, 1237, 241
1238, 1238, 230
1239, 1239, 245
1240, 1240, 227
1241, 1241, 214
1242, 1242, 245
1243, 1243, 227
1244, 1244, 212
1245, 1245, 268
1246, 1246, 245
1247, 1247, 225
1248, 1248, 230
1249, 1249, 215
1250, 1250, 232
1251, 1251, 203
1252, 1252, 236
1253, 1253, 199
1254, 1254, 229
1255, 1255, 233
1256, 1256, 219
1257, 1257, 216
1258, 1258, 219
1259, 1259, 206
1260, 1260, 235
1261, 1261, 206
1262, 1262, 220
1263, 1263, 218
1264, 1264, 223
1265, 1265, 214
1266, 1266, 210
1267, 1267, 224
1268, 1268, 234
1269, 1269, 224
1270, 1270, 206
1271, 1271, 218
1272, 1272, 209
1273, 1273, 240
1274, 1274, 222
1275, 1275, 252
1276, 1276, 247
1277, 1277, 231
1278, 1278, 212
1279, 1279, 203
1280, 1280, 231
1281, 1281, 201
1282, 1282, 207
1283, 1283, 215
1284, 1284, 215
1285, 1285, 192
1286, 1286, 207
1287, 1287, 222
1288, 1288, 229
1289, 1289, 222
1290, 1290, 230
1291, 1291, 218
1292, 1292, 227
1293, 1293, 220
1294, 1294, 202
1295, 1295, 223
1296, 1296, 212
1297, 1297, 175
1298, 1298, 213
1299, 1299, 215
1300, 1300, 184
1301, 1301, 186
1302, 1302, 201
1303, 1303, 184
1304, 1304, 202
1305, 1305, 174
1306, 1306, 192
1307, 1307, 188
1308, 1308, 214
1309, 1309, 193
1310, 1310, 208
1311, 1311, 188
1312, 1312, 172
1313, 1313, 217
1314, 1314, 216
1315, 1315, 193
1316, 1316, 202
1317, 1317, 175
1318, 1318, 191
1319, 1319, 187
1320, 1320, 194
1321, 1321, 194
1322, 1322, 178
1323, 1323, 186
1324, 1324, 203
1325, 1325, 167
1326, 1326, 195
1327, 1327, 192
1328, 1328, 210
1329, 1329, 169
1330, 1330, 180
1331, 1331, 203
1332, 1332, 172
1333, 1333, 165
1334, 1334, 159
1335, 1335, 176
1336, 1336, 162
1337, 1337, 189
1338, 1338, 173
1339, 1339, 174
1340, 1340, 177
1341, 1341, 182
1342, 1342, 163
1343, 1343, 195
1344, 1344, 183
1345, 1345, 180
1346, 1346, 181
1347, 1347, 180
1348, 1348, 172
1349, 1349, 191
1350, 1350, 189
1351, 1351, 176
1352, 1352, 190
1353, 1353, 189
1354, 1354, 222
1355, 1355, 166
1356, 1356, 200
1357, 1357, 196
1358, 1358, 178
1359, 1359, 184
1360, 1360, 176
1361, 1361, 165
1362, 1362, 163
1363, 1363, 189
1364, 1364, 172
1365, 1365, 145
1366, 1366, 175
1367, 1367, 172
1368, 1368, 174
1369, 1369, 164
1370, 1370, 171
1371, 1371, 155
1372, 1372, 189
1373, 1373, 191
1374, 1374, 189
1375, 1375, 185
1376, 1376, 165
1377, 1377, 158
1378, 1378, 161
1379, 1379, 202
1380, 1380, 172
1381, 1381, 162
1382, 1382, 170
1383, 1383, 182
1384, 1384, 164
1385, 1385, 178
1386, 1386, 183
1387, 1387, 163
1388, 1388, 163
1389, 1389, 149
1390, 1390, 189
1391, 1391, 176
1392, 1392, 161
1393, 1393, 182
1394, 1394, 167
1395, 1395, 170
1396, 1396, 173
1397, 1397, 168
1398, 1398, 164
1399, 1399, 179
1400, 1400, 162
1401, 1401, 188
1402, 1402, 167
1403, 1403, 178
1404, 1404, 190
1405, 1405, 159
1406, 1406, 171
1407, 1407, 182
1408, 1408, 193
1409, 1409, 160
1410, 1410, 201
1411, 1411, 154
1412, 1412, 175
1413, 1413, 195
1414, 1414, 170
1415, 1415, 177
1416, 1416, 176
1417, 1417, 173
1418, 1418, 172
1419, 1419, 173
1420, 1420, 160
1421, 1421, 175
1422, 1422, 174
1423, 1423, 179
1424, 1424, 166
1425, 1425, 178
1426, 1426, 198
1427, 1427, 179
1428, 1428, 167
1429, 1429, 175
1430, 1430, 226
1431, 1431, 174
1432, 1432, 169
1433, 1433, 192
1434, 1434, 168
1435, 1435, 192
1436, 1436, 166
1437, 1437, 194
1438, 1438, 192
1439, 1439, 170
1440, 1440, 157
1441, 1441, 187
1442, 1442, 188
1443, 1443, 180
1444, 1444, 174
1445, 1445, 164
1446, 1446, 173
1447, 1447, 184
1448, 1448, 207
1449, 1449, 179
1450, 1450, 147
1451, 1451, 187
1452, 1452, 176
1453, 1453, 179
1454, 1454, 187
1455, 1455, 171
1456, 1456, 186
1457, 1457, 191
1458, 1458, 150
1459, 1459, 202
1460, 1460, 176
1461, 1461, 182
1462, 1462, 185
1463, 1463, 202
1464, 1464, 202
1465, 1465, 195
1466, 1466, 193
1467, 1467, 161
1468, 1468, 181
1469, 1469, 200
1470, 1470, 184
1471, 1471, 185
1472, 1472, 194
1473, 1473, 187
1474, 1474, 167
1475, 1475, 210
1476, 1476, 174
1477, 1477, 179
1478, 1478, 195
1479, 1479, 210
1480, 1480, 165
1481, 1481, 179
1482, 1482, 173
1483, 1483, 179
1484, 1484, 179
1485, 1485, 183
1486, 1486, 179
1487, 1487, 163
1488, 1488, 153
1489, 1489, 156
1490, 1490, 170
1491, 1491, 175
1492, 1492, 154
1493, 1493, 174
1494, 1494, 168
1495, 1495, 158
1496, 1496, 166
1497, 1497, 170
1498, 1498, 176
1499, 1499, 170
1500, 1500, 173
1501, 1501, 185
1502, 1502, 141
1503, 1503, 172
1504, 1504, 171
1505, 1505, 154
1506, 1506, 177
1507, 1507, 169
1508, 1508, 152
1509, 1509, 156
1510, 1510, 165
1511, 1511, 150
1512, 1512, 155
1513, 1513, 163
1514, 1514, 149
1515, 1515, 159
1516, 1516, 171
1517, 1517, 169
1518, 1518, 136
1519, 1519, 185
1520, 1520, 164
1521, 1521, 162
1522, 1522, 151
1523, 1523, 150
1524, 1524, 154
1525, 1525, 177
1526, 1526, 140
1527, 1527, 135
1528, 1528, 163
1529, 1529, 177
1530, 1530, 146
1531, 1531, 144
1532, 1532, 149
1533, 1533, 133
1534, 1534, 161
1535, 1535, 141
1536, 1536, 159
1537, 1537, 149
1538, 1538, 140
1539, 1539, 157
1540, 1540, 135
1541, 1541, 155
1542, 1542, 146
1543, 1543, 175
1544, 1544, 150
1545, 1545, 127
1546, 1546, 157
1547, 1547, 146
1548, 1548, 145
1549, 1549, 133
1550, 1550, 152
1551, 1551, 154
1552, 1552, 146
1553, 1553, 148
1554, 1554, 144
1555, 1555, 124
1556, 1556, 117
1557, 1557, 136
1558, 1558, 148
1559, 1559, 126
1560, 1560, 155
1561, 1561, 120
1562, 1562, 147
1563, 1563, 134
1564, 1564, 139
1565, 1565, 117
1566, 1566, 142
1567, 1567, 158
1568, 1568, 146
1569, 1569, 157
1570, 1570, 143
1571, 1571, 165
1572, 1572, 148
1573, 1573, 124
1574, 1574, 143
1575, 1575, 131
1576, 1576, 135
1577, 1577, 149
1578, 1578, 159
1579, 1579, 155
1580, 1580, 129
1581, 1581, 147
1582, 1582, 144
1583, 1583, 138
1584, 1584, 131
1585, 1585, 137
1586, 1586, 113
1587, 1587, 125
1588, 1588, 149
1589, 1589, 134
1590, 1590, 132
1591, 1591, 124
1592, 1592, 159
1593, 1593, 149
1594, 1594, 134
1595, 1595, 144
1596, 1596, 139
1597, 1597, 143
1598, 1598, 125
1599, 1599, 129
1600, 1600, 121
1601, 1601, 134
1602, 1602, 133
1603, 1603, 127
1604, 1604, 129
1605, 1605, 132
1606, 1606, 153
1607, 1607, 157
1608, 1608, 138
1609, 1609, 153
1610, 1610, 137
1611, 1611, 123
1612, 1612, 137
1613, 1613, 131
1614, 1614, 131
1615, 1615, 125
1616, 1616, 157
1617, 1617, 140
1618, 1618, 150
1619, 1619, 135
1620, 1620, 123
1621, 1621, 127
1622, 1622, 122
1623, 1623, 133
1624, 1624, 150
1625, 1625, 123
1626, 1626, 136
1627, 1627, 135
1628, 1628, 137
1629, 1629, 140
1630, 1630, 118
1631, 1631, 116
1632, 1632, 128
1633, 1633, 113
1634, 1634, 136
1635, 1635, 111
1636, 1636, 117
1637, 1637, 128
1638, 1638, 118
1639, 1639, 134
1640, 1640, 118
1641, 1641, 142
1642, 1642, 125
1643, 1643, 125
1644, 1644, 147
1645, 1645, 138
1646, 1646, 114
1647, 1647, 132
1648, 1648, 156
1649, 1649, 135
1650, 1650, 130
1651, 1651, 116
1652, 1652, 125
1653, 1653, 137
1654, 1654, 101
1655, 1655, 128
1656, 1656, 140
1657, 1657, 139
1658, 1658, 106
1659, 1659, 121
1660, 1660, 103
1661, 1661, 107
1662, 1662, 123
1663, 1663, 124
1664, 1664, 133
1665, 1665, 108
1666, 1666, 106
1667, 1667, 134
1668, 1668, 92
1669, 1669, 113
1670, 1670, 133
1671, 1671, 113
1672, 1672, 97
1673, 1673, 109
1674, 1674, 99
1675, 1675, 97
1676, 1676, 113
1677, 1677, 100
1678, 1678, 108
1679, 1679, 112
1680, 1680, 104
1681, 1681, 106
1682, 1682, 104
1683, 1683, 107
1684, 1684, 116
1685, 1685, 114
1686, 1686, 109
1687, 1687, 100
1688, 1688, 97
1689, 1689, 114
1690, 1690, 108
1691, 1691, 115
1692, 1692, 88
1693, 1693, 109
1694, 1694, 112
1695, 1695, 109
1696, 1696, 126
1697, 1697, 101
1698, 1698, 106
1699, 1699, 116
1700, 1700, 97
1701, 1701, 96
1702, 1702, 113
1703, 1703, 115
1704, 1704, 106
1705, 1705, 100
1706, 1706, 103
1707, 1707, 92
1708, 1708, 111
1709, 1709, 97
1710, 1710, 112
1711, 1711, 103
1712, 1712, 128
1713, 1713, 90
1714, 1714, 99
1715, 1715, 108
1716, 1716, 107
1717, 1717, 95
1718, 1718, 92
1719, 1719, 99
1720, 1720, 116
1721, 1721, 106
1722, 1722, 116
1723, 1723, 111
1724, 1724, 93
1725, 1725, 125
1726, 1726, 98
1727, 1727, 106
1728, 1728, 86
1729, 1729, 102
1730, 1730, 98
1731, 1731, 90
1732, 1732, 100
1733, 1733, 89
1734, 1734, 131
1735, 1735, 101
1736, 1736, 105
1737, 1737, 107
1738, 1738, 101
1739, 1739, 85
1740, 1740, 102
1741, 1741, 106
1742, 1742, 117
1743, 1743, 112
1744, 1744, 107
1745, 1745, 102
1746, 1746, 113
1747, 1747, 99
1748, 1748, 119
1749, 1749, 92
1750, 1750, 85
1751, 1751, 85
1752, 1752, 106
1753, 1753, 102
1754, 1754, 108
1755, 1755, 103
1756, 1756, 120
1757, 1757, 94
1758, 1758, 89
1759, 1759, 94
1760, 1760, 101
1761, 1761, 94
1762, 1762, 107
1763, 1763, 105
1764, 1764, 81
1765, 1765, 97
1766, 1766, 90
1767, 1767, 114
1768, 1768, 88
1769, 1769, 99
1770, 1770, 95
1771, 1771, 106
1772, 1772, 111
1773, 1773, 122
1774, 1774, 98
1775, 1775, 84
1776, 1776, 90
1777, 1777, 102
1778, 1778, 96
1779, 1779, 100
1780, 1780, 116
1781, 1781, 93
1782, 1782, 114
1783, 1783, 115
1784, 1784, 109
1785, 1785, 107
1786, 1786, 97
1787, 1787, 99
1788, 1788, 114
1789, 1789, 113
1790, 1790, 98
1791, 1791, 120
1792, 1792, 126
1793, 1793, 120
1794, 1794, 111
1795, 1795, 96
1796, 1796, 109
1797, 1797, 103
1798, 1798, 107
1799, 1799, 102
1800, 1800, 97
1801, 1801, 123
1802, 1802, 113
1803, 1803, 121
1804, 1804, 103
1805, 1805, 115
1806, 1806, 117
1807, 1807, 108
1808, 1808, 112
1809, 1809, 102
1810, 1810, 123
1811, 1811, 107
1812, 1812, 117
1813, 1813, 117
1814, 1814, 129
1815, 1815, 101
1816, 1816, 97
1817, 1817, 121
1818, 1818, 108
1819, 1819, 135
1820, 1820, 114
1821, 1821, 90
1822, 1822, 122
1823, 1823, 111
1824, 1824, 119
1825, 1825, 109
1826, 1826, 124
1827, 1827, 132
1828, 1828, 102
1829, 1829, 131
1830, 1830, 127
1831, 1831, 115
1832, 1832, 124
1833, 1833, 122
1834, 1834, 132
1835, 1835, 126
1836, 1836, 133
1837, 1837, 109
1838, 1838, 119
1839, 1839, 128
1840, 1840, 122
1841, 1841, 144
1842, 1842, 141
1843, 1843, 130
1844, 1844, 115
1845, 1845, 133
1846, 1846, 148
1847, 1847, 145
1848, 1848, 142
1849, 1849, 149
1850, 1850, 121
1851, 1851, 139
1852, 1852, 164
1853, 1853, 136
1854, 1854, 131
1855, 1855, 150
1856, 1856, 145
1857, 1857, 149
1858, 1858, 132
1859, 1859, 154
1860, 1860, 146
1861, 1861, 136
1862, 1862, 152
1863, 1863, 147
1864, 1864, 171
1865, 1865, 145
1866, 1866, 169
1867, 1867, 162
1868, 1868, 140
1869, 1869, 155
1870, 1870, 146
1871, 1871, 159
1872, 1872, 169
1873, 1873, 159
1874, 1874, 146
1875, 1875, 161
1876, 1876, 165
1877, 1877, 164
1878, 1878, 161
1879, 1879, 150
1880, 1880, 172
1881, 1881, 150
1882, 1882, 157
1883, 1883, 186
1884, 1884, 195
1885, 1885, 162
1886, 1886, 173
1887, 1887, 161
1888, 1888, 166
1889, 1889, 181
1890, 1890, 189
1891, 1891, 169
1892, 1892, 167
1893, 1893, 185
1894, 1894, 162
1895, 1895, 143
1896, 1896, 163
1897, 1897, 178
1898, 1898, 164
1899, 1899, 134
1900, 1900, 140
1901, 1901, 161
1902, 1902, 156
1903, 1903, 171
1904, 1904, 167
1905, 1905, 168
1906, 1906, 184
1907, 1907, 161
1908, 1908, 171
1909, 1909, 160
1910, 1910, 173
1911, 1911, 148
1912, 1912, 156
1913, 1913, 168
1914, 1914, 172
1915, 1915, 161
1916, 1916, 140
1917, 1917, 178
1918, 1918, 157
1919, 1919, 153
1920, 1920, 162
1921, 1921, 154
1922, 1922, 153
1923, 1923, 145
1924, 1924, 170
1925, 1925, 140
1926, 1926, 149
1927, 1927, 135
1928, 1928, 182
1929, 1929, 160
1930, 1930, 154
1931, 1931, 138
1932, 1932, 147
1933, 1933, 154
1934, 1934, 125
1935, 1935, 132
1936, 1936, 145
1937, 1937, 130
1938, 1938, 127
1939, 1939, 134
1940, 1940, 117
1941, 1941, 128
1942, 1942, 121
1943, 1943, 135
1944, 1944, 117
1945, 1945, 139
1946, 1946, 125
1947, 1947, 128
1948, 1948, 138
1949, 1949, 121
1950, 1950, 129
1951, 1951, 107
1952, 1952, 111
1953, 1953, 107
1954, 1954, 112
1955, 1955, 108
1956, 1956, 101
1957, 1957, 107
1958, 1958, 112
1959, 1959, 115
1960, 1960, 105
1961, 1961, 114
1962, 1962, 132
1963, 1963, 106
1964, 1964, 104
1965, 1965, 90
1966, 1966, 107
1967, 1967, 110
1968, 1968, 90
1969, 1969, 86
1970, 1970, 88
1971, 1971, 82
1972, 1972, 90
1973, 1973, 84
1974, 1974, 101
1975, 1975, 92
1976, 1976, 95
1977, 1977, 77
1978, 1978, 96
1979, 1979, 81
1980, 1980, 85
1981, 1981, 76
1982, 1982, 88
1983, 1983, 83
1984, 1984, 75
1985, 1985, 101
1986, 1986, 93
1987, 1987, 99
1988, 1988, 86
1989, 1989, 95
1990, 1990, 100
1991, 1991, 91
1992, 1992, 88
1993, 1993, 75
1994, 1994, 69
1995, 1995, 66
1996, 1996, 74
1997, 1997, 74
1998, 1998, 72
1999, 1999, 89
2000, 2000, 83
2001, 2001, 82
2002, 2002, 82
2003, 2003, 74
2004, 2004, 93
2005, 2005, 82
2006, 2006, 71
2007, 2007, 78
2008, 2008, 85
2009, 2009, 78
2010, 2010, 77
2011, 2011, 65
2012, 2012, 82
2013, 2013, 57
2014, 2014, 80
2015, 2015, 75
2016, 2016, 71
2017, 2017, 81
2018, 2018, 66
2019, 2019, 71
2020, 2020, 64
2021, 2021, 75
2022, 2022, 84
2023, 2023, 83
2024, 2024, 86
2025, 2025, 59
2026, 2026, 71
2027, 2027, 72
2028, 2028, 73
2029, 2029, 82
2030, 2030, 72
2031, 2031, 82
2032, 2032, 82
2033, 2033, 90
2034, 2034, 71
2035, 2035, 66
2036, 2036, 73
2037, 2037, 60
2038, 2038, 71
2039, 2039, 59
2040, 2040, 83
2041, 2041, 64
2042, 2042, 65
2043, 2043, 66
2044, 2044, 76
2045, 2045, 78
2046, 2046, 83
2047, 2047, 65
2048, 2048, 70
