Start Time, Mon Feb 23 13:49:17 GMT+0000 2026
Energy calibration,  Offset: 0, Slope: 1, Quadratic: 0
Live Time (s), 271945.569719
Real Time (s), 271983.791289
Elapsed Computational, 0
Spectrum
Channel, Energy (keV), Counts
1, 1, 0
2, 2, 0
3, 3, 0
4, 4, 0
5, 5, 0
6, 6, 0
7, 7, 0
8, 8, 0
9, 9, 0
10, 10, 3021
11, 11, 2983
12, 12, 2781
13, 13, 2654
14, 14, 2637
15, 15, 2631
16, 16, 2575
17, 17, 2564
18, 18, 2582
19, 19, 2641
20, 20, 2636
21, 21, 2675
22, 22, 2673
23, 23, 2853
24, 24, 2812
25, 25, 2657
26, 26, 2713
27, 27, 2889
28, 28, 2908
29, 29, 2839
30, 30, 2906
31, 31, 2810
32, 32, 2744
33, 33, 2694
34, 34, 2709
35, 35, 2642
36, 36, 2671
37, 37, 2735
38, 38, 2790
39, 39, 2874
40, 40, 2846
41, 41, 2917
42, 42, 2979
43, 43, 3087
44, 44, 3181
45, 45, 3065
46, 46, 3124
47, 47, 3109
48, 48, 3061
49, 49, 3192
50, 50, 3089
51, 51, 3033
52, 52, 2977
53, 53, 3086
54, 54, 3049
55, 55, 3162
56, 56, 2997
57, 57, 3115
58, 58, 3131
59, 59, 3304
60, 60, 3247
61, 61, 3329
62, 62, 3435
63, 63, 3620
64, 64, 3702
65, 65, 3863
66, 66, 4024
67, 67, 4165
68, 68, 4263
69, 69, 4575
70, 70, 4569
71, 71, 4531
72, 72, 4580
73, 73, 4600
74, 74, 4552
75, 75, 4273
76, 76, 4328
77, 77, 4111
78, 78, 4045
79, 79, 3931
80, 80, 3965
81, 81, 3833
82, 82, 3840
83, 83, 3810
84, 84, 3977
85, 85, 4020
86, 86, 4041
87, 87, 3966
88, 88, 4000
89, 89, 4242
90, 90, 4252
91, 91, 4281
92, 92, 4360
93, 93, 4501
94, 94, 4496
95, 95, 4744
96, 96, 4807
97, 97, 5029
98, 98, 5376
99, 99, 5578
100, 100, 5922
101, 101, 6566
102, 102, 6949
103, 103, 7277
104, 104, 7846
105, 105, 8488
106, 106, 9100
107, 107, 9926
108, 108, 10365
109, 109, 11031
110, 110, 11401
111, 111, 11598
112, 112, 11867
113, 113, 12166
114, 114, 11974
115, 115, 11550
116, 116, 11521
117, 117, 11115
118, 118, 10724
119, 119, 10255
120, 120, 10140
121, 121, 9561
122, 122, 9469
123, 123, 9110
124, 124, 8918
125, 125, 8710
126, 126, 8741
127, 127, 8407
128, 128, 8094
129, 129, 7880
130, 130, 7736
131, 131, 7761
132, 132, 7267
133, 133, 7145
134, 134, 6942
135, 135, 6779
136, 136, 6513
137, 137, 6342
138, 138, 6034
139, 139, 5965
140, 140, 5950
141, 141, 5600
142, 142, 5446
143, 143, 5488
144, 144, 5516
145, 145, 5395
146, 146, 5435
147, 147, 5368
148, 148, 5254
149, 149, 5241
150, 150, 5365
151, 151, 5318
152, 152, 5345
153, 153, 5350
154, 154, 5352
155, 155, 5209
156, 156, 5299
157, 157, 5136
158, 158, 5345
159, 159, 5304
160, 160, 5389
161, 161, 5294
162, 162, 5300
163, 163, 5330
164, 164, 5310
165, 165, 5412
166, 166, 5499
167, 167, 5256
168, 168, 5342
169, 169, 5283
170, 170, 5334
171, 171, 5353
172, 172, 5229
173, 173, 5341
174, 174, 5229
175, 175, 5368
176, 176, 5476
177, 177, 5183
178, 178, 5322
179, 179, 5244
180, 180, 5330
181, 181, 5318
182, 182, 5222
183, 183, 5306
184, 184, 5309
185, 185, 5229
186, 186, 5307
187, 187, 5304
188, 188, 5318
189, 189, 5289
190, 190, 5442
191, 191, 5300
192, 192, 5332
193, 193, 5174
194, 194, 5303
195, 195, 5294
196, 196, 5290
197, 197, 5228
198, 198, 5335
199, 199, 5169
200, 200, 5249
201, 201, 5234
202, 202, 5296
203, 203, 5220
204, 204, 5287
205, 205, 5266
206, 206, 5263
207, 207, 5156
208, 208, 5232
209, 209, 5184
210, 210, 5057
211, 211, 5082
212, 212, 5195
213, 213, 5123
214, 214, 5028
215, 215, 5037
216, 216, 5129
217, 217, 5149
218, 218, 5066
219, 219, 5024
220, 220, 4899
221, 221, 5115
222, 222, 4958
223, 223, 5053
224, 224, 5059
225, 225, 4950
226, 226, 4920
227, 227, 4824
228, 228, 4902
229, 229, 4854
230, 230, 4811
231, 231, 4831
232, 232, 4865
233, 233, 4848
234, 234, 4869
235, 235, 4782
236, 236, 4880
237, 237, 4659
238, 238, 4708
239, 239, 4778
240, 240, 4821
241, 241, 4704
242, 242, 4682
243, 243, 4666
244, 244, 4623
245, 245, 4801
246, 246, 4633
247, 247, 4723
248, 248, 4696
249, 249, 4698
250, 250, 4579
251, 251, 4695
252, 252, 4648
253, 253, 4744
254, 254, 4672
255, 255, 4698
256, 256, 4550
257, 257, 4580
258, 258, 4556
259, 259, 4585
260, 260, 4606
261, 261, 4610
262, 262, 4387
263, 263, 4548
264, 264, 4496
265, 265, 4640
266, 266, 4488
267, 267, 4477
268, 268, 4507
269, 269, 4664
270, 270, 4436
271, 271, 4498
272, 272, 4600
273, 273, 4594
274, 274, 4505
275, 275, 4545
276, 276, 4590
277, 277, 4592
278, 278, 4538
279, 279, 4424
280, 280, 4528
281, 281, 4574
282, 282, 4498
283, 283, 4610
284, 284, 4614
285, 285, 4524
286, 286, 4538
287, 287, 4668
288, 288, 4738
289, 289, 4552
290, 290, 4727
291, 291, 4686
292, 292, 4855
293, 293, 4621
294, 294, 4829
295, 295, 4688
296, 296, 4877
297, 297, 4760
298, 298, 4821
299, 299, 4855
300, 300, 4735
301, 301, 4758
302, 302, 4793
303, 303, 4790
304, 304, 4854
305, 305, 4845
306, 306, 4897
307, 307, 4946
308, 308, 4881
309, 309, 4934
310, 310, 4863
311, 311, 4802
312, 312, 4848
313, 313, 4837
314, 314, 4953
315, 315, 4862
316, 316, 4931
317, 317, 4995
318, 318, 4993
319, 319, 4948
320, 320, 4980
321, 321, 4956
322, 322, 4972
323, 323, 5100
324, 324, 4882
325, 325, 4924
326, 326, 4901
327, 327, 4826
328, 328, 4737
329, 329, 4852
330, 330, 4964
331, 331, 4851
332, 332, 4966
333, 333, 4731
334, 334, 4664
335, 335, 4677
336, 336, 4750
337, 337, 4797
338, 338, 4777
339, 339, 4699
340, 340, 4621
341, 341, 4586
342, 342, 4465
343, 343, 4487
344, 344, 4505
345, 345, 4544
346, 346, 4383
347, 347, 4349
348, 348, 4364
349, 349, 4321
350, 350, 4511
351, 351, 4274
352, 352, 4312
353, 353, 4192
354, 354, 4188
355, 355, 4329
356, 356, 4016
357, 357, 4237
358, 358, 4146
359, 359, 4145
360, 360, 4034
361, 361, 4059
362, 362, 3985
363, 363, 3932
364, 364, 4038
365, 365, 3965
366, 366, 3941
367, 367, 3947
368, 368, 3911
369, 369, 3844
370, 370, 3962
371, 371, 3871
372, 372, 3873
373, 373, 3941
374, 374, 3846
375, 375, 3900
376, 376, 3799
377, 377, 3799
378, 378, 3750
379, 379, 3785
380, 380, 3646
381, 381, 3714
382, 382, 3636
383, 383, 3757
384, 384, 3670
385, 385, 3627
386, 386, 3682
387, 387, 3596
388, 388, 3627
389, 389, 3652
390, 390, 3732
391, 391, 3633
392, 392, 3601
393, 393, 3696
394, 394, 3650
395, 395, 3669
396, 396, 3560
397, 397, 3669
398, 398, 3528
399, 399, 3612
400, 400, 3575
401, 401, 3534
402, 402, 3606
403, 403, 3551
404, 404, 3536
405, 405, 3496
406, 406, 3613
407, 407, 3537
408, 408, 3544
409, 409, 3588
410, 410, 3581
411, 411, 3453
412, 412, 3410
413, 413, 3513
414, 414, 3464
415, 415, 3471
416, 416, 3398
417, 417, 3328
418, 418, 3346
419, 419, 3439
420, 420, 3517
421, 421, 3345
422, 422, 3344
423, 423, 3358
424, 424, 3343
425, 425, 3317
426, 426, 3337
427, 427, 3325
428, 428, 3305
429, 429, 3259
430, 430, 3344
431, 431, 3201
432, 432, 3289
433, 433, 3280
434, 434, 3300
435, 435, 3310
436, 436, 3340
437, 437, 3230
438, 438, 3311
439, 439, 3254
440, 440, 3124
441, 441, 3294
442, 442, 3189
443, 443, 3210
444, 444, 3257
445, 445, 3201
446, 446, 3267
447, 447, 3255
448, 448, 3236
449, 449, 3256
450, 450, 3222
451, 451, 3091
452, 452, 3219
453, 453, 3257
454, 454, 3218
455, 455, 3279
456, 456, 3178
457, 457, 3153
458, 458, 3261
459, 459, 3208
460, 460, 3202
461, 461, 3127
462, 462, 3140
463, 463, 3143
464, 464, 3233
465, 465, 3251
466, 466, 3076
467, 467, 3147
468, 468, 3179
469, 469, 3220
470, 470, 3122
471, 471, 3231
472, 472, 3142
473, 473, 3234
474, 474, 3177
475, 475, 3191
476, 476, 3131
477, 477, 3243
478, 478, 3117
479, 479, 3247
480, 480, 3099
481, 481, 3095
482, 482, 3110
483, 483, 3098
484, 484, 3098
485, 485, 2959
486, 486, 3038
487, 487, 2971
488, 488, 3077
489, 489, 3067
490, 490, 3044
491, 491, 3022
492, 492, 2978
493, 493, 2958
494, 494, 3042
495, 495, 2914
496, 496, 3019
497, 497, 2893
498, 498, 3009
499, 499, 2925
500, 500, 2887
501, 501, 2920
502, 502, 2937
503, 503, 2916
504, 504, 2963
505, 505, 2910
506, 506, 3001
507, 507, 2891
508, 508, 2926
509, 509, 2989
510, 510, 2949
511, 511, 2836
512, 512, 2860
513, 513, 2861
514, 514, 2825
515, 515, 2915
516, 516, 2825
517, 517, 2681
518, 518, 2762
519, 519, 2862
520, 520, 2764
521, 521, 2746
522, 522, 2800
523, 523, 2716
524, 524, 2718
525, 525, 2771
526, 526, 2760
527, 527, 2691
528, 528, 2738
529, 529, 2735
530, 530, 2796
531, 531, 2658
532, 532, 2665
533, 533, 2683
534, 534, 2691
535, 535, 2707
536, 536, 2764
537, 537, 2709
538, 538, 2684
539, 539, 2681
540, 540, 2664
541, 541, 2754
542, 542, 2738
543, 543, 2571
544, 544, 2702
545, 545, 2649
546, 546, 2636
547, 547, 2536
548, 548, 2556
549, 549, 2700
550, 550, 2605
551, 551, 2670
552, 552, 2574
553, 553, 2593
554, 554, 2651
555, 555, 2654
556, 556, 2534
557, 557, 2612
558, 558, 2569
559, 559, 2553
560, 560, 2533
561, 561, 2466
562, 562, 2515
563, 563, 2623
564, 564, 2437
565, 565, 2450
566, 566, 2471
567, 567, 2541
568, 568, 2521
569, 569, 2500
570, 570, 2509
571, 571, 2451
572, 572, 2496
573, 573, 2538
574, 574, 2468
575, 575, 2544
576, 576, 2464
577, 577, 2420
578, 578, 2425
579, 579, 2417
580, 580, 2465
581, 581, 2470
582, 582, 2461
583, 583, 2421
584, 584, 2443
585, 585, 2335
586, 586, 2409
587, 587, 2397
588, 588, 2361
589, 589, 2329
590, 590, 2345
591, 591, 2492
592, 592, 2430
593, 593, 2452
594, 594, 2431
595, 595, 2399
596, 596, 2429
597, 597, 2373
598, 598, 2360
599, 599, 2428
600, 600, 2317
601, 601, 2394
602, 602, 2368
603, 603, 2383
604, 604, 2394
605, 605, 2376
606, 606, 2305
607, 607, 2382
608, 608, 2363
609, 609, 2373
610, 610, 2384
611, 611, 2329
612, 612, 2261
613, 613, 2319
614, 614, 2331
615, 615, 2340
616, 616, 2306
617, 617, 2256
618, 618, 2354
619, 619, 2320
620, 620, 2304
621, 621, 2347
622, 622, 2354
623, 623, 2242
624, 624, 2398
625, 625, 2290
626, 626, 2321
627, 627, 2280
628, 628, 2247
629, 629, 2283
630, 630, 2281
631, 631, 2272
632, 632, 2282
633, 633, 2288
634, 634, 2243
635, 635, 2261
636, 636, 2248
637, 637, 2275
638, 638, 2255
639, 639, 2244
640, 640, 2228
641, 641, 2260
642, 642, 2284
643, 643, 2316
644, 644, 2329
645, 645, 2366
646, 646, 2317
647, 647, 2222
648, 648, 2391
649, 649, 2283
650, 650, 2223
651, 651, 2274
652, 652, 2305
653, 653, 2298
654, 654, 2198
655, 655, 2352
656, 656, 2257
657, 657, 2214
658, 658, 2263
659, 659, 2311
660, 660, 2316
661, 661, 2309
662, 662, 2297
663, 663, 2281
664, 664, 2266
665, 665, 2322
666, 666, 2359
667, 667, 2301
668, 668, 2350
669, 669, 2361
670, 670, 2404
671, 671, 2425
672, 672, 2326
673, 673, 2393
674, 674, 2324
675, 675, 2358
676, 676, 2372
677, 677, 2378
678, 678, 2501
679, 679, 2415
680, 680, 2286
681, 681, 2223
682, 682, 2339
683, 683, 2324
684, 684, 2317
685, 685, 2366
686, 686, 2310
687, 687, 2299
688, 688, 2275
689, 689, 2293
690, 690, 2347
691, 691, 2291
692, 692, 2317
693, 693, 2252
694, 694, 2333
695, 695, 2225
696, 696, 2314
697, 697, 2270
698, 698, 2366
699, 699, 2198
700, 700, 2229
701, 701, 2200
702, 702, 2324
703, 703, 2171
704, 704, 2296
705, 705, 2176
706, 706, 2234
707, 707, 2258
708, 708, 2193
709, 709, 2199
710, 710, 2184
711, 711, 2161
712, 712, 2207
713, 713, 2115
714, 714, 2174
715, 715, 2131
716, 716, 2117
717, 717, 2070
718, 718, 2084
719, 719, 2042
720, 720, 2144
721, 721, 2132
722, 722, 2115
723, 723, 2112
724, 724, 2072
725, 725, 1979
726, 726, 2085
727, 727, 2035
728, 728, 2161
729, 729, 2026
730, 730, 2007
731, 731, 1979
732, 732, 2017
733, 733, 2047
734, 734, 2113
735, 735, 1998
736, 736, 2036
737, 737, 1951
738, 738, 2060
739, 739, 2003
740, 740, 2009
741, 741, 1993
742, 742, 1950
743, 743, 1881
744, 744, 1993
745, 745, 2024
746, 746, 1937
747, 747, 1915
748, 748, 2041
749, 749, 1950
750, 750, 1985
751, 751, 1945
752, 752, 2033
753, 753, 2008
754, 754, 2019
755, 755, 1985
756, 756, 1934
757, 757, 2069
758, 758, 1908
759, 759, 2011
760, 760, 1994
761, 761, 1990
762, 762, 1962
763, 763, 1966
764, 764, 1946
765, 765, 2008
766, 766, 1930
767, 767, 1926
768, 768, 1951
769, 769, 2005
770, 770, 1984
771, 771, 1981
772, 772, 1961
773, 773, 1966
774, 774, 1999
775, 775, 2038
776, 776, 2044
777, 777, 1939
778, 778, 2051
779, 779, 1977
780, 780, 1980
781, 781, 1961
782, 782, 2031
783, 783, 2033
784, 784, 1918
785, 785, 1950
786, 786, 1950
787, 787, 1933
788, 788, 2068
789, 789, 1991
790, 790, 1995
791, 791, 1921
792, 792, 1999
793, 793, 2003
794, 794, 2043
795, 795, 1891
796, 796, 1897
797, 797, 2045
798, 798, 2022
799, 799, 1941
800, 800, 1906
801, 801, 2012
802, 802, 1959
803, 803, 1901
804, 804, 1996
805, 805, 1967
806, 806, 1997
807, 807, 1987
808, 808, 1996
809, 809, 1993
810, 810, 1942
811, 811, 2021
812, 812, 1980
813, 813, 1882
814, 814, 1921
815, 815, 2011
816, 816, 1935
817, 817, 1896
818, 818, 1964
819, 819, 1947
820, 820, 1984
821, 821, 1971
822, 822, 1984
823, 823, 1980
824, 824, 1974
825, 825, 1937
826, 826, 1902
827, 827, 1946
828, 828, 1924
829, 829, 1952
830, 830, 1899
831, 831, 1950
832, 832, 1959
833, 833, 1905
834, 834, 1858
835, 835, 1889
836, 836, 1950
837, 837, 1905
838, 838, 1893
839, 839, 1881
840, 840, 1925
841, 841, 1827
842, 842, 1864
843, 843, 1851
844, 844, 1891
845, 845, 1840
846, 846, 1894
847, 847, 1816
848, 848, 1922
849, 849, 1833
850, 850, 1919
851, 851, 1802
852, 852, 1831
853, 853, 1861
854, 854, 1856
855, 855, 1707
856, 856, 1884
857, 857, 1771
858, 858, 1818
859, 859, 1837
860, 860, 1784
861, 861, 1870
862, 862, 1799
863, 863, 1899
864, 864, 1853
865, 865, 1839
866, 866, 1714
867, 867, 1839
868, 868, 1849
869, 869, 1815
870, 870, 1883
871, 871, 1758
872, 872, 1902
873, 873, 1827
874, 874, 1832
875, 875, 1898
876, 876, 1842
877, 877, 1788
878, 878, 1846
879, 879, 1747
880, 880, 1693
881, 881, 1744
882, 882, 1924
883, 883, 1820
884, 884, 1794
885, 885, 1772
886, 886, 1740
887, 887, 1820
888, 888, 1823
889, 889, 1853
890, 890, 1768
891, 891, 1833
892, 892, 1794
893, 893, 1852
894, 894, 1874
895, 895, 1847
896, 896, 1823
897, 897, 1839
898, 898, 1850
899, 899, 1832
900, 900, 1846
901, 901, 1831
902, 902, 1833
903, 903, 1827
904, 904, 1881
905, 905, 1866
906, 906, 1785
907, 907, 1866
908, 908, 1772
909, 909, 1790
910, 910, 1835
911, 911, 1838
912, 912, 1793
913, 913, 1772
914, 914, 1790
915, 915, 1859
916, 916, 1872
917, 917, 1732
918, 918, 1857
919, 919, 1745
920, 920, 1756
921, 921, 1900
922, 922, 1796
923, 923, 1747
924, 924, 1683
925, 925, 1777
926, 926, 1812
927, 927, 1849
928, 928, 1739
929, 929, 1872
930, 930, 1864
931, 931, 1813
932, 932, 1824
933, 933, 1723
934, 934, 1818
935, 935, 1780
936, 936, 1829
937, 937, 1840
938, 938, 1827
939, 939, 1789
940, 940, 1882
941, 941, 1828
942, 942, 1739
943, 943, 1794
944, 944, 1823
945, 945, 1854
946, 946, 1803
947, 947, 1792
948, 948, 1863
949, 949, 1853
950, 950, 1790
951, 951, 1806
952, 952, 1764
953, 953, 1817
954, 954, 1853
955, 955, 1842
956, 956, 1823
957, 957, 1793
958, 958, 1788
959, 959, 1767
960, 960, 1791
961, 961, 1817
962, 962, 1820
963, 963, 1791
964, 964, 1810
965, 965, 1845
966, 966, 1798
967, 967, 1763
968, 968, 1841
969, 969, 1789
970, 970, 1771
971, 971, 1809
972, 972, 1867
973, 973, 1797
974, 974, 1861
975, 975, 1802
976, 976, 1882
977, 977, 1865
978, 978, 1841
979, 979, 1791
980, 980, 1787
981, 981, 1793
982, 982, 1851
983, 983, 1794
984, 984, 1824
985, 985, 1827
986, 986, 1818
987, 987, 1779
988, 988, 1847
989, 989, 1767
990, 990, 1820
991, 991, 1765
992, 992, 1833
993, 993, 1808
994, 994, 1868
995, 995, 1895
996, 996, 1936
997, 997, 1874
998, 998, 1777
999, 999, 1861
1000, 1000, 1834
1001, 1001, 1880
1002, 1002, 1901
1003, 1003, 1833
1004, 1004, 1828
1005, 1005, 1834
1006, 1006, 1837
1007, 1007, 1797
1008, 1008, 1777
1009, 1009, 1762
1010, 1010, 1817
1011, 1011, 1806
1012, 1012, 1838
1013, 1013, 1855
1014, 1014, 1858
1015, 1015, 1824
1016, 1016, 1894
1017, 1017, 1852
1018, 1018, 1779
1019, 1019, 1798
1020, 1020, 1875
1021, 1021, 1823
1022, 1022, 1826
1023, 1023, 1852
1024, 1024, 1805
1025, 1025, 1821
1026, 1026, 1864
1027, 1027, 1822
1028, 1028, 1920
1029, 1029, 1869
1030, 1030, 1864
1031, 1031, 1877
1032, 1032, 1826
1033, 1033, 1913
1034, 1034, 1870
1035, 1035, 1779
1036, 1036, 1745
1037, 1037, 1893
1038, 1038, 1817
1039, 1039, 1859
1040, 1040, 1864
1041, 1041, 1796
1042, 1042, 1875
1043, 1043, 1904
1044, 1044, 1789
1045, 1045, 1884
1046, 1046, 1923
1047, 1047, 1905
1048, 1048, 1879
1049, 1049, 1904
1050, 1050, 1888
1051, 1051, 1888
1052, 1052, 1916
1053, 1053, 1864
1054, 1054, 1838
1055, 1055, 1806
1056, 1056, 1921
1057, 1057, 1893
1058, 1058, 1899
1059, 1059, 1821
1060, 1060, 1886
1061, 1061, 1855
1062, 1062, 1811
1063, 1063, 1919
1064, 1064, 1852
1065, 1065, 1858
1066, 1066, 1854
1067, 1067, 1907
1068, 1068, 1883
1069, 1069, 1917
1070, 1070, 1947
1071, 1071, 1845
1072, 1072, 1829
1073, 1073, 1934
1074, 1074, 1884
1075, 1075, 1902
1076, 1076, 1895
1077, 1077, 1859
1078, 1078, 1811
1079, 1079, 1884
1080, 1080, 1794
1081, 1081, 1917
1082, 1082, 1865
1083, 1083, 1929
1084, 1084, 1893
1085, 1085, 1833
1086, 1086, 1863
1087, 1087, 1886
1088, 1088, 1889
1089, 1089, 1843
1090, 1090, 1929
1091, 1091, 1913
1092, 1092, 1877
1093, 1093, 1895
1094, 1094, 1928
1095, 1095, 2047
1096, 1096, 1896
1097, 1097, 1944
1098, 1098, 1936
1099, 1099, 1898
1100, 1100, 1871
1101, 1101, 1809
1102, 1102, 2000
1103, 1103, 1970
1104, 1104, 2032
1105, 1105, 1928
1106, 1106, 1967
1107, 1107, 1873
1108, 1108, 1983
1109, 1109, 1929
1110, 1110, 1983
1111, 1111, 1931
1112, 1112, 1942
1113, 1113, 2000
1114, 1114, 2014
1115, 1115, 2000
1116, 1116, 1961
1117, 1117, 2001
1118, 1118, 1993
1119, 1119, 1960
1120, 1120, 2011
1121, 1121, 1893
1122, 1122, 1912
1123, 1123, 1940
1124, 1124, 1992
1125, 1125, 1866
1126, 1126, 1891
1127, 1127, 1908
1128, 1128, 1893
1129, 1129, 1927
1130, 1130, 1954
1131, 1131, 1928
1132, 1132, 1969
1133, 1133, 2011
1134, 1134, 1958
1135, 1135, 1887
1136, 1136, 1925
1137, 1137, 1906
1138, 1138, 1925
1139, 1139, 1907
1140, 1140, 1917
1141, 1141, 1970
1142, 1142, 1887
1143, 1143, 1982
1144, 1144, 2025
1145, 1145, 1945
1146, 1146, 2027
1147, 1147, 1957
1148, 1148, 1920
1149, 1149, 1925
1150, 1150, 1978
1151, 1151, 1950
1152, 1152, 1972
1153, 1153, 1906
1154, 1154, 1940
1155, 1155, 2024
1156, 1156, 1926
1157, 1157, 1907
1158, 1158, 1946
1159, 1159, 1964
1160, 1160, 1891
1161, 1161, 1968
1162, 1162, 2030
1163, 1163, 1857
1164, 1164, 1884
1165, 1165, 1963
1166, 1166, 1938
1167, 1167, 1954
1168, 1168, 2024
1169, 1169, 1897
1170, 1170, 2027
1171, 1171, 1970
1172, 1172, 1893
1173, 1173, 1935
1174, 1174, 1807
1175, 1175, 2016
1176, 1176, 1987
1177, 1177, 1994
1178, 1178, 1944
1179, 1179, 2039
1180, 1180, 1909
1181, 1181, 1889
1182, 1182, 1851
1183, 1183, 1881
1184, 1184, 1898
1185, 1185, 1942
1186, 1186, 1929
1187, 1187, 1912
1188, 1188, 1881
1189, 1189, 1815
1190, 1190, 1818
1191, 1191, 1935
1192, 1192, 1834
1193, 1193, 1813
1194, 1194, 1860
1195, 1195, 1902
1196, 1196, 1922
1197, 1197, 1869
1198, 1198, 1859
1199, 1199, 1812
1200, 1200, 1864
1201, 1201, 1782
1202, 1202, 1854
1203, 1203, 1875
1204, 1204, 1852
1205, 1205, 1843
1206, 1206, 1794
1207, 1207, 1864
1208, 1208, 1770
1209, 1209, 1752
1210, 1210, 1780
1211, 1211, 1796
1212, 1212, 1775
1213, 1213, 1790
1214, 1214, 1721
1215, 1215, 1798
1216, 1216, 1769
1217, 1217, 1725
1218, 1218, 1639
1219, 1219, 1711
1220, 1220, 1692
1221, 1221, 1681
1222, 1222, 1737
1223, 1223, 1763
1224, 1224, 1683
1225, 1225, 1666
1226, 1226, 1711
1227, 1227, 1614
1228, 1228, 1639
1229, 1229, 1671
1230, 1230, 1635
1231, 1231, 1670
1232, 1232, 1675
1233, 1233, 1592
1234, 1234, 1561
1235, 1235, 1635
1236, 1236, 1633
1237, 1237, 1620
1238, 1238, 1648
1239, 1239, 1562
1240, 1240, 1640
1241, 1241, 1637
1242, 1242, 1628
1243, 1243, 1605
1244, 1244, 1654
1245, 1245, 1519
1246, 1246, 1524
1247, 1247, 1495
1248, 1248, 1557
1249, 1249, 1574
1250, 1250, 1563
1251, 1251, 1553
1252, 1252, 1533
1253, 1253, 1540
1254, 1254, 1497
1255, 1255, 1507
1256, 1256, 1528
1257, 1257, 1421
1258, 1258, 1488
1259, 1259, 1468
1260, 1260, 1522
1261, 1261, 1522
1262, 1262, 1420
1263, 1263, 1453
1264, 1264, 1475
1265, 1265, 1462
1266, 1266, 1447
1267, 1267, 1437
1268, 1268, 1446
1269, 1269, 1438
1270, 1270, 1444
1271, 1271, 1445
1272, 1272, 1385
1273, 1273, 1455
1274, 1274, 1376
1275, 1275, 1376
1276, 1276, 1338
1277, 1277, 1395
1278, 1278, 1328
1279, 1279, 1330
1280, 1280, 1376
1281, 1281, 1357
1282, 1282, 1336
1283, 1283, 1322
1284, 1284, 1342
1285, 1285, 1361
1286, 1286, 1322
1287, 1287, 1335
1288, 1288, 1294
1289, 1289, 1278
1290, 1290, 1378
1291, 1291, 1378
1292, 1292, 1262
1293, 1293, 1287
1294, 1294, 1249
1295, 1295, 1285
1296, 1296, 1293
1297, 1297, 1292
1298, 1298, 1237
1299, 1299, 1325
1300, 1300, 1273
1301, 1301, 1242
1302, 1302, 1316
1303, 1303, 1329
1304, 1304, 1270
1305, 1305, 1267
1306, 1306, 1272
1307, 1307, 1289
1308, 1308, 1320
1309, 1309, 1312
1310, 1310, 1261
1311, 1311, 1272
1312, 1312, 1343
1313, 1313, 1242
1314, 1314, 1262
1315, 1315, 1200
1316, 1316, 1181
1317, 1317, 1187
1318, 1318, 1229
1319, 1319, 1191
1320, 1320, 1233
1321, 1321, 1219
1322, 1322, 1232
1323, 1323, 1159
1324, 1324, 1242
1325, 1325, 1162
1326, 1326, 1174
1327, 1327, 1199
1328, 1328, 1207
1329, 1329, 1227
1330, 1330, 1206
1331, 1331, 1156
1332, 1332, 1206
1333, 1333, 1145
1334, 1334, 1182
1335, 1335, 1160
1336, 1336, 1188
1337, 1337, 1186
1338, 1338, 1209
1339, 1339, 1129
1340, 1340, 1121
1341, 1341, 1163
1342, 1342, 1144
1343, 1343, 1091
1344, 1344, 1101
1345, 1345, 1170
1346, 1346, 1169
1347, 1347, 1117
1348, 1348, 1177
1349, 1349, 1209
1350, 1350, 1093
1351, 1351, 1151
1352, 1352, 1118
1353, 1353, 1202
1354, 1354, 1151
1355, 1355, 1145
1356, 1356, 1123
1357, 1357, 1105
1358, 1358, 1078
1359, 1359, 1142
1360, 1360, 1072
1361, 1361, 1133
1362, 1362, 1077
1363, 1363, 1102
1364, 1364, 1039
1365, 1365, 1157
1366, 1366, 1122
1367, 1367, 1088
1368, 1368, 1070
1369, 1369, 1053
1370, 1370, 1055
1371, 1371, 1068
1372, 1372, 1028
1373, 1373, 1084
1374, 1374, 1083
1375, 1375, 1067
1376, 1376, 1031
1377, 1377, 1055
1378, 1378, 1064
1379, 1379, 1029
1380, 1380, 1019
1381, 1381, 1012
1382, 1382, 1108
1383, 1383, 1031
1384, 1384, 1076
1385, 1385, 991
1386, 1386, 1028
1387, 1387, 990
1388, 1388, 967
1389, 1389, 978
1390, 1390, 1013
1391, 1391, 966
1392, 1392, 1007
1393, 1393, 992
1394, 1394, 1022
1395, 1395, 1001
1396, 1396, 1034
1397, 1397, 1002
1398, 1398, 985
1399, 1399, 944
1400, 1400, 890
1401, 1401, 956
1402, 1402, 903
1403, 1403, 938
1404, 1404, 922
1405, 1405, 917
1406, 1406, 905
1407, 1407, 997
1408, 1408, 962
1409, 1409, 922
1410, 1410, 931
1411, 1411, 874
1412, 1412, 941
1413, 1413, 889
1414, 1414, 867
1415, 1415, 1022
1416, 1416, 922
1417, 1417, 895
1418, 1418, 871
1419, 1419, 980
1420, 1420, 917
1421, 1421, 880
1422, 1422, 893
1423, 1423, 934
1424, 1424, 939
1425, 1425, 857
1426, 1426, 925
1427, 1427, 904
1428, 1428, 952
1429, 1429, 876
1430, 1430, 948
1431, 1431, 938
1432, 1432, 935
1433, 1433, 975
1434, 1434, 948
1435, 1435, 938
1436, 1436, 943
1437, 1437, 952
1438, 1438, 993
1439, 1439, 990
1440, 1440, 1023
1441, 1441, 1043
1442, 1442, 1045
1443, 1443, 1091
1444, 1444, 1020
1445, 1445, 1041
1446, 1446, 1101
1447, 1447, 1158
1448, 1448, 1205
1449, 1449, 1097
1450, 1450, 1128
1451, 1451, 1183
1452, 1452, 1142
1453, 1453, 1248
1454, 1454, 1276
1455, 1455, 1270
1456, 1456, 1263
1457, 1457, 1282
1458, 1458, 1279
1459, 1459, 1334
1460, 1460, 1397
1461, 1461, 1326
1462, 1462, 1427
1463, 1463, 1453
1464, 1464, 1573
1465, 1465, 1556
1466, 1466, 1557
1467, 1467, 1613
1468, 1468, 1641
1469, 1469, 1705
1470, 1470, 1737
1471, 1471, 1837
1472, 1472, 1742
1473, 1473, 1880
1474, 1474, 1857
1475, 1475, 1915
1476, 1476, 1922
1477, 1477, 2035
1478, 1478, 2044
1479, 1479, 2098
1480, 1480, 2060
1481, 1481, 2199
1482, 1482, 2205
1483, 1483, 2306
1484, 1484, 2353
1485, 1485, 2380
1486, 1486, 2359
1487, 1487, 2540
1488, 1488, 2516
1489, 1489, 2523
1490, 1490, 2618
1491, 1491, 2771
1492, 1492, 2757
1493, 1493, 2781
1494, 1494, 2752
1495, 1495, 2784
1496, 1496, 2872
1497, 1497, 2809
1498, 1498, 3024
1499, 1499, 3060
1500, 1500, 3003
1501, 1501, 3084
1502, 1502, 3025
1503, 1503, 3125
1504, 1504, 3097
1505, 1505, 3202
1506, 1506, 3190
1507, 1507, 3275
1508, 1508, 3197
1509, 1509, 3324
1510, 1510, 3386
1511, 1511, 3371
1512, 1512, 3511
1513, 1513, 3409
1514, 1514, 3461
1515, 1515, 3485
1516, 1516, 3558
1517, 1517, 3621
1518, 1518, 3560
1519, 1519, 3522
1520, 1520, 3487
1521, 1521, 3593
1522, 1522, 3455
1523, 1523, 3514
1524, 1524, 3556
1525, 1525, 3523
1526, 1526, 3562
1527, 1527, 3521
1528, 1528, 3545
1529, 1529, 3482
1530, 1530, 3518
1531, 1531, 3301
1532, 1532, 3444
1533, 1533, 3260
1534, 1534, 3392
1535, 1535, 3387
1536, 1536, 3355
1537, 1537, 3299
1538, 1538, 3341
1539, 1539, 3262
1540, 1540, 3229
1541, 1541, 3186
1542, 1542, 3146
1543, 1543, 3116
1544, 1544, 3055
1545, 1545, 2974
1546, 1546, 2988
1547, 1547, 2805
1548, 1548, 2875
1549, 1549, 2768
1550, 1550, 2813
1551, 1551, 2743
1552, 1552, 2687
1553, 1553, 2757
1554, 1554, 2597
1555, 1555, 2582
1556, 1556, 2495
1557, 1557, 2489
1558, 1558, 2413
1559, 1559, 2389
1560, 1560, 2249
1561, 1561, 2284
1562, 1562, 2188
1563, 1563, 2070
1564, 1564, 2132
1565, 1565, 2067
1566, 1566, 2038
1567, 1567, 1915
1568, 1568, 1811
1569, 1569, 1836
1570, 1570, 1815
1571, 1571, 1724
1572, 1572, 1726
1573, 1573, 1630
1574, 1574, 1627
1575, 1575, 1592
1576, 1576, 1468
1577, 1577, 1465
1578, 1578, 1443
1579, 1579, 1396
1580, 1580, 1303
1581, 1581, 1292
1582, 1582, 1245
1583, 1583, 1260
1584, 1584, 1196
1585, 1585, 1159
1586, 1586, 1056
1587, 1587, 1116
1588, 1588, 1043
1589, 1589, 965
1590, 1590, 972
1591, 1591, 955
1592, 1592, 922
1593, 1593, 838
1594, 1594, 873
1595, 1595, 826
1596, 1596, 813
1597, 1597, 786
1598, 1598, 764
1599, 1599, 788
1600, 1600, 694
1601, 1601, 666
1602, 1602, 666
1603, 1603, 626
1604, 1604, 613
1605, 1605, 599
1606, 1606, 577
1607, 1607, 607
1608, 1608, 568
1609, 1609, 541
1610, 1610, 528
1611, 1611, 504
1612, 1612, 512
1613, 1613, 541
1614, 1614, 525
1615, 1615, 492
1616, 1616, 465
1617, 1617, 467
1618, 1618, 463
1619, 1619, 482
1620, 1620, 482
1621, 1621, 446
1622, 1622, 424
1623, 1623, 433
1624, 1624, 454
1625, 1625, 457
1626, 1626, 473
1627, 1627, 472
1628, 1628, 468
1629, 1629, 463
1630, 1630, 460
1631, 1631, 476
1632, 1632, 429
1633, 1633, 469
1634, 1634, 507
1635, 1635, 501
1636, 1636, 483
1637, 1637, 489
1638, 1638, 530
1639, 1639, 508
1640, 1640, 521
1641, 1641, 543
1642, 1642, 563
1643, 1643, 594
1644, 1644, 594
1645, 1645, 611
1646, 1646, 623
1647, 1647, 649
1648, 1648, 613
1649, 1649, 673
1650, 1650, 675
1651, 1651, 727
1652, 1652, 733
1653, 1653, 764
1654, 1654, 769
1655, 1655, 747
1656, 1656, 848
1657, 1657, 870
1658, 1658, 861
1659, 1659, 924
1660, 1660, 938
1661, 1661, 979
1662, 1662, 1006
1663, 1663, 997
1664, 1664, 1045
1665, 1665, 1082
1666, 1666, 1097
1667, 1667, 1151
1668, 1668, 1129
1669, 1669, 1207
1670, 1670, 1293
1671, 1671, 1233
1672, 1672, 1311
1673, 1673, 1333
1674, 1674, 1295
1675, 1675, 1383
1676, 1676, 1464
1677, 1677, 1402
1678, 1678, 1515
1679, 1679, 1557
1680, 1680, 1554
1681, 1681, 1583
1682, 1682, 1662
1683, 1683, 1604
1684, 1684, 1700
1685, 1685, 1793
1686, 1686, 1778
1687, 1687, 1814
1688, 1688, 1848
1689, 1689, 1995
1690, 1690, 1971
1691, 1691, 2008
1692, 1692, 2015
1693, 1693, 2130
1694, 1694, 2114
1695, 1695, 2132
1696, 1696, 2183
1697, 1697, 2197
1698, 1698, 2293
1699, 1699, 2372
1700, 1700, 2305
1701, 1701, 2337
1702, 1702, 2373
1703, 1703, 2394
1704, 1704, 2377
1705, 1705, 2457
1706, 1706, 2444
1707, 1707, 2503
1708, 1708, 2595
1709, 1709, 2583
1710, 1710, 2482
1711, 1711, 2576
1712, 1712, 2563
1713, 1713, 2571
1714, 1714, 2608
1715, 1715, 2577
1716, 1716, 2659
1717, 1717, 2615
1718, 1718, 2676
1719, 1719, 2701
1720, 1720, 2776
1721, 1721, 2699
1722, 1722, 2732
1723, 1723, 2726
1724, 1724, 2742
1725, 1725, 2696
1726, 1726, 2660
1727, 1727, 2795
1728, 1728, 2652
1729, 1729, 2628
1730, 1730, 2722
1731, 1731, 2686
1732, 1732, 2623
1733, 1733, 2562
1734, 1734, 2611
1735, 1735, 2642
1736, 1736, 2579
1737, 1737, 2596
1738, 1738, 2612
1739, 1739, 2553
1740, 1740, 2562
1741, 1741, 2513
1742, 1742, 2466
1743, 1743, 2403
1744, 1744, 2549
1745, 1745, 2374
1746, 1746, 2278
1747, 1747, 2290
1748, 1748, 2314
1749, 1749, 2221
1750, 1750, 2247
1751, 1751, 2285
1752, 1752, 2134
1753, 1753, 2075
1754, 1754, 2181
1755, 1755, 2009
1756, 1756, 1979
1757, 1757, 1929
1758, 1758, 1967
1759, 1759, 1975
1760, 1760, 1811
1761, 1761, 1930
1762, 1762, 1788
1763, 1763, 1767
1764, 1764, 1708
1765, 1765, 1712
1766, 1766, 1710
1767, 1767, 1643
1768, 1768, 1620
1769, 1769, 1539
1770, 1770, 1567
1771, 1771, 1515
1772, 1772, 1432
1773, 1773, 1433
1774, 1774, 1405
1775, 1775, 1395
1776, 1776, 1246
1777, 1777, 1199
1778, 1778, 1262
1779, 1779, 1217
1780, 1780, 1152
1781, 1781, 1111
1782, 1782, 1136
1783, 1783, 1033
1784, 1784, 1033
1785, 1785, 989
1786, 1786, 961
1787, 1787, 943
1788, 1788, 883
1789, 1789, 916
1790, 1790, 822
1791, 1791, 790
1792, 1792, 809
1793, 1793, 705
1794, 1794, 807
1795, 1795, 725
1796, 1796, 686
1797, 1797, 703
1798, 1798, 628
1799, 1799, 615
1800, 1800, 632
1801, 1801, 580
1802, 1802, 575
1803, 1803, 555
1804, 1804, 556
1805, 1805, 567
1806, 1806, 548
1807, 1807, 499
1808, 1808, 490
1809, 1809, 459
1810, 1810, 440
1811, 1811, 411
1812, 1812, 442
1813, 1813, 390
1814, 1814, 426
1815, 1815, 355
1816, 1816, 380
1817, 1817, 336
1818, 1818, 339
1819, 1819, 318
1820, 1820, 345
1821, 1821, 353
1822, 1822, 307
1823, 1823, 282
1824, 1824, 292
1825, 1825, 268
1826, 1826, 280
1827, 1827, 269
1828, 1828, 273
1829, 1829, 285
1830, 1830, 256
1831, 1831, 250
1832, 1832, 258
1833, 1833, 239
1834, 1834, 233
1835, 1835, 206
1836, 1836, 202
1837, 1837, 213
1838, 1838, 208
1839, 1839, 201
1840, 1840, 163
1841, 1841, 171
1842, 1842, 208
1843, 1843, 194
1844, 1844, 197
1845, 1845, 192
1846, 1846, 179
1847, 1847, 161
1848, 1848, 182
1849, 1849, 151
1850, 1850, 192
1851, 1851, 173
1852, 1852, 154
1853, 1853, 186
1854, 1854, 170
1855, 1855, 170
1856, 1856, 173
1857, 1857, 172
1858, 1858, 150
1859, 1859, 184
1860, 1860, 161
1861, 1861, 163
1862, 1862, 169
1863, 1863, 163
1864, 1864, 153
1865, 1865, 169
1866, 1866, 161
1867, 1867, 166
1868, 1868, 143
1869, 1869, 167
1870, 1870, 131
1871, 1871, 153
1872, 1872, 135
1873, 1873, 146
1874, 1874, 156
1875, 1875, 147
1876, 1876, 154
1877, 1877, 155
1878, 1878, 146
1879, 1879, 173
1880, 1880, 155
1881, 1881, 133
1882, 1882, 138
1883, 1883, 154
1884, 1884, 133
1885, 1885, 163
1886, 1886, 158
1887, 1887, 163
1888, 1888, 144
1889, 1889, 141
1890, 1890, 146
1891, 1891, 127
1892, 1892, 137
1893, 1893, 145
1894, 1894, 161
1895, 1895, 134
1896, 1896, 112
1897, 1897, 140
1898, 1898, 129
1899, 1899, 137
1900, 1900, 133
1901, 1901, 150
1902, 1902, 138
1903, 1903, 129
1904, 1904, 133
1905, 1905, 127
1906, 1906, 128
1907, 1907, 120
1908, 1908, 115
1909, 1909, 144
1910, 1910, 126
1911, 1911, 141
1912, 1912, 107
1913, 1913, 127
1914, 1914, 138
1915, 1915, 96
1916, 1916, 132
1917, 1917, 134
1918, 1918, 141
1919, 1919, 112
1920, 1920, 108
1921, 1921, 123
1922, 1922, 118
1923, 1923, 134
1924, 1924, 107
1925, 1925, 112
1926, 1926, 110
1927, 1927, 112
1928, 1928, 114
1929, 1929, 103
1930, 1930, 103
1931, 1931, 88
1932, 1932, 116
1933, 1933, 94
1934, 1934, 98
1935, 1935, 94
1936, 1936, 106
1937, 1937, 102
1938, 1938, 109
1939, 1939, 116
1940, 1940, 106
1941, 1941, 109
1942, 1942, 99
1943, 1943, 102
1944, 1944, 101
1945, 1945, 85
1946, 1946, 94
1947, 1947, 81
1948, 1948, 76
1949, 1949, 107
1950, 1950, 80
1951, 1951, 67
1952, 1952, 85
1953, 1953, 82
1954, 1954, 76
1955, 1955, 79
1956, 1956, 71
1957, 1957, 82
1958, 1958, 79
1959, 1959, 93
1960, 1960, 96
1961, 1961, 86
1962, 1962, 83
1963, 1963, 78
1964, 1964, 59
1965, 1965, 71
1966, 1966, 84
1967, 1967, 63
1968, 1968, 73
1969, 1969, 62
1970, 1970, 82
1971, 1971, 63
1972, 1972, 85
1973, 1973, 67
1974, 1974, 72
1975, 1975, 72
1976, 1976, 72
1977, 1977, 63
1978, 1978, 70
1979, 1979, 70
1980, 1980, 63
1981, 1981, 70
1982, 1982, 57
1983, 1983, 57
1984, 1984, 50
1985, 1985, 67
1986, 1986, 68
1987, 1987, 84
1988, 1988, 67
1989, 1989, 74
1990, 1990, 56
1991, 1991, 68
1992, 1992, 62
1993, 1993, 58
1994, 1994, 61
1995, 1995, 71
1996, 1996, 55
1997, 1997, 76
1998, 1998, 53
1999, 1999, 69
2000, 2000, 57
2001, 2001, 65
2002, 2002, 56
2003, 2003, 72
2004, 2004, 57
2005, 2005, 72
2006, 2006, 63
2007, 2007, 59
2008, 2008, 74
2009, 2009, 70
2010, 2010, 57
2011, 2011, 45
2012, 2012, 52
2013, 2013, 71
2014, 2014, 76
2015, 2015, 68
2016, 2016, 58
2017, 2017, 66
2018, 2018, 62
2019, 2019, 56
2020, 2020, 60
2021, 2021, 63
2022, 2022, 66
2023, 2023, 49
2024, 2024, 59
2025, 2025, 57
2026, 2026, 50
2027, 2027, 56
2028, 2028, 62
2029, 2029, 57
2030, 2030, 60
2031, 2031, 61
2032, 2032, 60
2033, 2033, 56
2034, 2034, 58
2035, 2035, 63
2036, 2036, 59
2037, 2037, 54
2038, 2038, 53
2039, 2039, 60
2040, 2040, 50
2041, 2041, 62
2042, 2042, 50
2043, 2043, 51
2044, 2044, 57
2045, 2045, 59
2046, 2046, 56
2047, 2047, 58
2048, 2048, 60
