Start Time, Mon Mar 2 16:45:32 GMT+0000 2026
Energy calibration,  Offset: 0, Slope: 1, Quadratic: 0
Live Time (s), 83892.401087
Real Time (s), 83902.374431
Elapsed Computational, 0
Spectrum
Channel, Energy (keV), Counts
1, 1, 0
2, 2, 0
3, 3, 0
4, 4, 0
5, 5, 0
6, 6, 0
7, 7, 0
8, 8, 0
9, 9, 0
10, 10, 805
11, 11, 742
12, 12, 740
13, 13, 699
14, 14, 704
15, 15, 645
16, 16, 644
17, 17, 645
18, 18, 690
19, 19, 689
20, 20, 686
21, 21, 668
22, 22, 714
23, 23, 715
24, 24, 730
25, 25, 699
26, 26, 710
27, 27, 713
28, 28, 711
29, 29, 656
30, 30, 719
31, 31, 738
32, 32, 667
33, 33, 730
34, 34, 666
35, 35, 669
36, 36, 675
37, 37, 674
38, 38, 645
39, 39, 687
40, 40, 703
41, 41, 764
42, 42, 740
43, 43, 734
44, 44, 744
45, 45, 720
46, 46, 748
47, 47, 755
48, 48, 806
49, 49, 717
50, 50, 773
51, 51, 706
52, 52, 761
53, 53, 732
54, 54, 773
55, 55, 769
56, 56, 761
57, 57, 757
58, 58, 774
59, 59, 739
60, 60, 826
61, 61, 865
62, 62, 894
63, 63, 902
64, 64, 963
65, 65, 948
66, 66, 1056
67, 67, 1066
68, 68, 1161
69, 69, 1181
70, 70, 1147
71, 71, 1203
72, 72, 1123
73, 73, 1164
74, 74, 1204
75, 75, 1101
76, 76, 1062
77, 77, 1017
78, 78, 961
79, 79, 1010
80, 80, 983
81, 81, 967
82, 82, 942
83, 83, 966
84, 84, 956
85, 85, 967
86, 86, 1000
87, 87, 978
88, 88, 988
89, 89, 1011
90, 90, 1044
91, 91, 1090
92, 92, 1113
93, 93, 1066
94, 94, 1111
95, 95, 1208
96, 96, 1266
97, 97, 1326
98, 98, 1345
99, 99, 1405
100, 100, 1571
101, 101, 1678
102, 102, 1794
103, 103, 1927
104, 104, 2064
105, 105, 2177
106, 106, 2334
107, 107, 2639
108, 108, 2737
109, 109, 2864
110, 110, 2986
111, 111, 3153
112, 112, 3103
113, 113, 3118
114, 114, 3199
115, 115, 3070
116, 116, 3027
117, 117, 2888
118, 118, 2829
119, 119, 2641
120, 120, 2704
121, 121, 2551
122, 122, 2500
123, 123, 2476
124, 124, 2368
125, 125, 2259
126, 126, 2249
127, 127, 2188
128, 128, 2168
129, 129, 2028
130, 130, 2055
131, 131, 1978
132, 132, 1862
133, 133, 1800
134, 134, 1789
135, 135, 1641
136, 136, 1706
137, 137, 1582
138, 138, 1553
139, 139, 1436
140, 140, 1475
141, 141, 1444
142, 142, 1429
143, 143, 1430
144, 144, 1436
145, 145, 1347
146, 146, 1357
147, 147, 1345
148, 148, 1319
149, 149, 1346
150, 150, 1307
151, 151, 1309
152, 152, 1294
153, 153, 1304
154, 154, 1318
155, 155, 1271
156, 156, 1401
157, 157, 1339
158, 158, 1325
159, 159, 1326
160, 160, 1366
161, 161, 1302
162, 162, 1327
163, 163, 1358
164, 164, 1349
165, 165, 1359
166, 166, 1297
167, 167, 1302
168, 168, 1306
169, 169, 1292
170, 170, 1291
171, 171, 1353
172, 172, 1296
173, 173, 1316
174, 174, 1366
175, 175, 1293
176, 176, 1341
177, 177, 1326
178, 178, 1312
179, 179, 1288
180, 180, 1282
181, 181, 1292
182, 182, 1320
183, 183, 1248
184, 184, 1260
185, 185, 1319
186, 186, 1296
187, 187, 1293
188, 188, 1322
189, 189, 1326
190, 190, 1233
191, 191, 1284
192, 192, 1293
193, 193, 1304
194, 194, 1260
195, 195, 1280
196, 196, 1254
197, 197, 1320
198, 198, 1283
199, 199, 1358
200, 200, 1253
201, 201, 1280
202, 202, 1285
203, 203, 1308
204, 204, 1240
205, 205, 1248
206, 206, 1266
207, 207, 1260
208, 208, 1216
209, 209, 1250
210, 210, 1227
211, 211, 1170
212, 212, 1249
213, 213, 1222
214, 214, 1250
215, 215, 1229
216, 216, 1281
217, 217, 1239
218, 218, 1208
219, 219, 1205
220, 220, 1266
221, 221, 1317
222, 222, 1162
223, 223, 1263
224, 224, 1192
225, 225, 1232
226, 226, 1125
227, 227, 1190
228, 228, 1243
229, 229, 1144
230, 230, 1221
231, 231, 1224
232, 232, 1079
233, 233, 1208
234, 234, 1176
235, 235, 1184
236, 236, 1199
237, 237, 1208
238, 238, 1184
239, 239, 1146
240, 240, 1149
241, 241, 1186
242, 242, 1202
243, 243, 1177
244, 244, 1145
245, 245, 1142
246, 246, 1181
247, 247, 1146
248, 248, 1188
249, 249, 1045
250, 250, 1107
251, 251, 1111
252, 252, 1113
253, 253, 1111
254, 254, 1091
255, 255, 1080
256, 256, 1153
257, 257, 1123
258, 258, 1046
259, 259, 1136
260, 260, 1090
261, 261, 1142
262, 262, 1105
263, 263, 1147
264, 264, 1041
265, 265, 1102
266, 266, 1144
267, 267, 1104
268, 268, 1080
269, 269, 1111
270, 270, 1087
271, 271, 1050
272, 272, 1135
273, 273, 1143
274, 274, 1070
275, 275, 1115
276, 276, 1050
277, 277, 1067
278, 278, 1103
279, 279, 1114
280, 280, 1090
281, 281, 1032
282, 282, 1107
283, 283, 1062
284, 284, 1103
285, 285, 1079
286, 286, 1134
287, 287, 1076
288, 288, 1091
289, 289, 1096
290, 290, 1076
291, 291, 1110
292, 292, 1090
293, 293, 1071
294, 294, 1061
295, 295, 1088
296, 296, 1077
297, 297, 1106
298, 298, 1049
299, 299, 1099
300, 300, 1023
301, 301, 1050
302, 302, 1067
303, 303, 1054
304, 304, 1095
305, 305, 1038
306, 306, 1052
307, 307, 1115
308, 308, 1081
309, 309, 1099
310, 310, 1039
311, 311, 1069
312, 312, 1082
313, 313, 990
314, 314, 1013
315, 315, 1080
316, 316, 1043
317, 317, 1112
318, 318, 1063
319, 319, 1052
320, 320, 1046
321, 321, 1077
322, 322, 1081
323, 323, 1087
324, 324, 1091
325, 325, 1028
326, 326, 1096
327, 327, 1084
328, 328, 1018
329, 329, 1060
330, 330, 1071
331, 331, 1064
332, 332, 1058
333, 333, 1054
334, 334, 1045
335, 335, 1028
336, 336, 1075
337, 337, 1090
338, 338, 1028
339, 339, 1043
340, 340, 981
341, 341, 1032
342, 342, 1008
343, 343, 1024
344, 344, 1035
345, 345, 1061
346, 346, 969
347, 347, 974
348, 348, 1035
349, 349, 963
350, 350, 994
351, 351, 1005
352, 352, 964
353, 353, 970
354, 354, 953
355, 355, 955
356, 356, 934
357, 357, 1015
358, 358, 936
359, 359, 928
360, 360, 941
361, 361, 918
362, 362, 941
363, 363, 934
364, 364, 873
365, 365, 873
366, 366, 941
367, 367, 912
368, 368, 914
369, 369, 933
370, 370, 912
371, 371, 961
372, 372, 917
373, 373, 940
374, 374, 921
375, 375, 937
376, 376, 889
377, 377, 938
378, 378, 938
379, 379, 912
380, 380, 922
381, 381, 885
382, 382, 854
383, 383, 922
384, 384, 891
385, 385, 899
386, 386, 936
387, 387, 893
388, 388, 863
389, 389, 893
390, 390, 876
391, 391, 868
392, 392, 934
393, 393, 890
394, 394, 899
395, 395, 884
396, 396, 826
397, 397, 925
398, 398, 948
399, 399, 823
400, 400, 921
401, 401, 874
402, 402, 899
403, 403, 865
404, 404, 886
405, 405, 912
406, 406, 843
407, 407, 856
408, 408, 853
409, 409, 864
410, 410, 899
411, 411, 838
412, 412, 858
413, 413, 873
414, 414, 894
415, 415, 861
416, 416, 856
417, 417, 830
418, 418, 807
419, 419, 832
420, 420, 896
421, 421, 806
422, 422, 835
423, 423, 841
424, 424, 817
425, 425, 822
426, 426, 767
427, 427, 771
428, 428, 802
429, 429, 824
430, 430, 832
431, 431, 840
432, 432, 785
433, 433, 799
434, 434, 778
435, 435, 850
436, 436, 818
437, 437, 797
438, 438, 773
439, 439, 820
440, 440, 806
441, 441, 785
442, 442, 784
443, 443, 817
444, 444, 747
445, 445, 813
446, 446, 804
447, 447, 801
448, 448, 786
449, 449, 795
450, 450, 768
451, 451, 786
452, 452, 741
453, 453, 759
454, 454, 793
455, 455, 815
456, 456, 810
457, 457, 775
458, 458, 796
459, 459, 754
460, 460, 773
461, 461, 754
462, 462, 781
463, 463, 769
464, 464, 740
465, 465, 742
466, 466, 745
467, 467, 746
468, 468, 749
469, 469, 744
470, 470, 742
471, 471, 773
472, 472, 827
473, 473, 734
474, 474, 739
475, 475, 754
476, 476, 755
477, 477, 727
478, 478, 782
479, 479, 752
480, 480, 725
481, 481, 728
482, 482, 804
483, 483, 716
484, 484, 715
485, 485, 724
486, 486, 734
487, 487, 743
488, 488, 738
489, 489, 749
490, 490, 760
491, 491, 801
492, 492, 756
493, 493, 755
494, 494, 703
495, 495, 749
496, 496, 667
497, 497, 721
498, 498, 719
499, 499, 720
500, 500, 699
501, 501, 709
502, 502, 733
503, 503, 700
504, 504, 723
505, 505, 693
506, 506, 677
507, 507, 735
508, 508, 725
509, 509, 728
510, 510, 697
511, 511, 717
512, 512, 678
513, 513, 674
514, 514, 714
515, 515, 692
516, 516, 644
517, 517, 672
518, 518, 675
519, 519, 678
520, 520, 670
521, 521, 664
522, 522, 709
523, 523, 668
524, 524, 641
525, 525, 649
526, 526, 648
527, 527, 691
528, 528, 677
529, 529, 656
530, 530, 696
531, 531, 689
532, 532, 665
533, 533, 680
534, 534, 692
535, 535, 688
536, 536, 654
537, 537, 654
538, 538, 671
539, 539, 669
540, 540, 660
541, 541, 693
542, 542, 692
543, 543, 679
544, 544, 612
545, 545, 647
546, 546, 694
547, 547, 669
548, 548, 656
549, 549, 698
550, 550, 713
551, 551, 635
552, 552, 668
553, 553, 654
554, 554, 677
555, 555, 648
556, 556, 630
557, 557, 666
558, 558, 644
559, 559, 664
560, 560, 656
561, 561, 668
562, 562, 670
563, 563, 662
564, 564, 650
565, 565, 593
566, 566, 622
567, 567, 659
568, 568, 623
569, 569, 671
570, 570, 615
571, 571, 644
572, 572, 665
573, 573, 661
574, 574, 653
575, 575, 641
576, 576, 646
577, 577, 671
578, 578, 591
579, 579, 643
580, 580, 661
581, 581, 656
582, 582, 620
583, 583, 645
584, 584, 652
585, 585, 648
586, 586, 621
587, 587, 610
588, 588, 653
589, 589, 604
590, 590, 628
591, 591, 614
592, 592, 661
593, 593, 646
594, 594, 655
595, 595, 596
596, 596, 580
597, 597, 606
598, 598, 582
599, 599, 642
600, 600, 644
601, 601, 638
602, 602, 619
603, 603, 640
604, 604, 579
605, 605, 632
606, 606, 592
607, 607, 638
608, 608, 648
609, 609, 623
610, 610, 636
611, 611, 669
612, 612, 673
613, 613, 620
614, 614, 661
615, 615, 629
616, 616, 662
617, 617, 620
618, 618, 604
619, 619, 624
620, 620, 560
621, 621, 595
622, 622, 619
623, 623, 602
624, 624, 629
625, 625, 627
626, 626, 639
627, 627, 630
628, 628, 620
629, 629, 620
630, 630, 629
631, 631, 667
632, 632, 578
633, 633, 618
634, 634, 645
635, 635, 637
636, 636, 610
637, 637, 603
638, 638, 630
639, 639, 591
640, 640, 636
641, 641, 645
642, 642, 585
643, 643, 600
644, 644, 638
645, 645, 580
646, 646, 620
647, 647, 663
648, 648, 575
649, 649, 609
650, 650, 627
651, 651, 611
652, 652, 639
653, 653, 673
654, 654, 627
655, 655, 623
656, 656, 625
657, 657, 643
658, 658, 653
659, 659, 660
660, 660, 633
661, 661, 646
662, 662, 644
663, 663, 630
664, 664, 598
665, 665, 635
666, 666, 647
667, 667, 669
668, 668, 616
669, 669, 644
670, 670, 625
671, 671, 702
672, 672, 639
673, 673, 649
674, 674, 622
675, 675, 630
676, 676, 664
677, 677, 585
678, 678, 625
679, 679, 643
680, 680, 622
681, 681, 667
682, 682, 616
683, 683, 623
684, 684, 674
685, 685, 606
686, 686, 603
687, 687, 602
688, 688, 593
689, 689, 631
690, 690, 611
691, 691, 676
692, 692, 634
693, 693, 639
694, 694, 616
695, 695, 630
696, 696, 678
697, 697, 612
698, 698, 599
699, 699, 596
700, 700, 604
701, 701, 598
702, 702, 630
703, 703, 619
704, 704, 637
705, 705, 601
706, 706, 625
707, 707, 569
708, 708, 585
709, 709, 603
710, 710, 640
711, 711, 556
712, 712, 606
713, 713, 564
714, 714, 616
715, 715, 572
716, 716, 576
717, 717, 591
718, 718, 589
719, 719, 545
720, 720, 600
721, 721, 544
722, 722, 569
723, 723, 564
724, 724, 579
725, 725, 586
726, 726, 623
727, 727, 534
728, 728, 607
729, 729, 567
730, 730, 580
731, 731, 541
732, 732, 528
733, 733, 571
734, 734, 550
735, 735, 559
736, 736, 520
737, 737, 544
738, 738, 511
739, 739, 538
740, 740, 576
741, 741, 521
742, 742, 575
743, 743, 479
744, 744, 554
745, 745, 509
746, 746, 563
747, 747, 497
748, 748, 542
749, 749, 549
750, 750, 549
751, 751, 535
752, 752, 523
753, 753, 515
754, 754, 522
755, 755, 583
756, 756, 560
757, 757, 579
758, 758, 570
759, 759, 584
760, 760, 544
761, 761, 555
762, 762, 572
763, 763, 530
764, 764, 534
765, 765, 527
766, 766, 559
767, 767, 566
768, 768, 516
769, 769, 556
770, 770, 556
771, 771, 553
772, 772, 515
773, 773, 492
774, 774, 583
775, 775, 534
776, 776, 538
777, 777, 541
778, 778, 550
779, 779, 569
780, 780, 502
781, 781, 514
782, 782, 546
783, 783, 492
784, 784, 553
785, 785, 554
786, 786, 532
787, 787, 563
788, 788, 539
789, 789, 546
790, 790, 527
791, 791, 551
792, 792, 523
793, 793, 511
794, 794, 527
795, 795, 522
796, 796, 521
797, 797, 511
798, 798, 534
799, 799, 484
800, 800, 524
801, 801, 543
802, 802, 563
803, 803, 541
804, 804, 527
805, 805, 530
806, 806, 524
807, 807, 542
808, 808, 570
809, 809, 552
810, 810, 541
811, 811, 537
812, 812, 576
813, 813, 537
814, 814, 519
815, 815, 542
816, 816, 572
817, 817, 511
818, 818, 534
819, 819, 545
820, 820, 538
821, 821, 540
822, 822, 510
823, 823, 537
824, 824, 532
825, 825, 515
826, 826, 487
827, 827, 491
828, 828, 578
829, 829, 523
830, 830, 497
831, 831, 454
832, 832, 490
833, 833, 553
834, 834, 534
835, 835, 497
836, 836, 521
837, 837, 508
838, 838, 456
839, 839, 527
840, 840, 500
841, 841, 556
842, 842, 490
843, 843, 518
844, 844, 517
845, 845, 494
846, 846, 446
847, 847, 477
848, 848, 501
849, 849, 461
850, 850, 546
851, 851, 521
852, 852, 489
853, 853, 482
854, 854, 483
855, 855, 461
856, 856, 512
857, 857, 513
858, 858, 486
859, 859, 497
860, 860, 480
861, 861, 480
862, 862, 495
863, 863, 497
864, 864, 492
865, 865, 487
866, 866, 488
867, 867, 489
868, 868, 503
869, 869, 509
870, 870, 470
871, 871, 495
872, 872, 518
873, 873, 471
874, 874, 475
875, 875, 485
876, 876, 493
877, 877, 504
878, 878, 500
879, 879, 487
880, 880, 477
881, 881, 481
882, 882, 471
883, 883, 478
884, 884, 469
885, 885, 455
886, 886, 468
887, 887, 453
888, 888, 452
889, 889, 489
890, 890, 484
891, 891, 483
892, 892, 449
893, 893, 472
894, 894, 528
895, 895, 486
896, 896, 529
897, 897, 514
898, 898, 483
899, 899, 483
900, 900, 467
901, 901, 451
902, 902, 462
903, 903, 473
904, 904, 456
905, 905, 489
906, 906, 482
907, 907, 463
908, 908, 459
909, 909, 449
910, 910, 466
911, 911, 476
912, 912, 512
913, 913, 462
914, 914, 499
915, 915, 466
916, 916, 477
917, 917, 451
918, 918, 451
919, 919, 445
920, 920, 467
921, 921, 480
922, 922, 494
923, 923, 509
924, 924, 453
925, 925, 438
926, 926, 462
927, 927, 455
928, 928, 459
929, 929, 493
930, 930, 472
931, 931, 471
932, 932, 461
933, 933, 444
934, 934, 434
935, 935, 463
936, 936, 499
937, 937, 433
938, 938, 464
939, 939, 469
940, 940, 479
941, 941, 496
942, 942, 496
943, 943, 445
944, 944, 442
945, 945, 479
946, 946, 438
947, 947, 456
948, 948, 495
949, 949, 429
950, 950, 443
951, 951, 453
952, 952, 490
953, 953, 486
954, 954, 477
955, 955, 441
956, 956, 451
957, 957, 489
958, 958, 474
959, 959, 457
960, 960, 530
961, 961, 470
962, 962, 445
963, 963, 449
964, 964, 450
965, 965, 426
966, 966, 504
967, 967, 457
968, 968, 477
969, 969, 470
970, 970, 467
971, 971, 473
972, 972, 469
973, 973, 433
974, 974, 483
975, 975, 469
976, 976, 423
977, 977, 496
978, 978, 463
979, 979, 463
980, 980, 483
981, 981, 443
982, 982, 435
983, 983, 487
984, 984, 428
985, 985, 463
986, 986, 449
987, 987, 462
988, 988, 464
989, 989, 443
990, 990, 442
991, 991, 509
992, 992, 480
993, 993, 460
994, 994, 459
995, 995, 444
996, 996, 445
997, 997, 436
998, 998, 424
999, 999, 446
1000, 1000, 456
1001, 1001, 421
1002, 1002, 445
1003, 1003, 459
1004, 1004, 478
1005, 1005, 437
1006, 1006, 430
1007, 1007, 473
1008, 1008, 420
1009, 1009, 431
1010, 1010, 462
1011, 1011, 399
1012, 1012, 461
1013, 1013, 432
1014, 1014, 436
1015, 1015, 477
1016, 1016, 434
1017, 1017, 475
1018, 1018, 442
1019, 1019, 449
1020, 1020, 485
1021, 1021, 472
1022, 1022, 450
1023, 1023, 448
1024, 1024, 441
1025, 1025, 476
1026, 1026, 439
1027, 1027, 485
1028, 1028, 475
1029, 1029, 456
1030, 1030, 457
1031, 1031, 447
1032, 1032, 422
1033, 1033, 485
1034, 1034, 456
1035, 1035, 469
1036, 1036, 451
1037, 1037, 441
1038, 1038, 424
1039, 1039, 430
1040, 1040, 467
1041, 1041, 438
1042, 1042, 470
1043, 1043, 439
1044, 1044, 463
1045, 1045, 432
1046, 1046, 461
1047, 1047, 464
1048, 1048, 462
1049, 1049, 455
1050, 1050, 458
1051, 1051, 490
1052, 1052, 406
1053, 1053, 460
1054, 1054, 460
1055, 1055, 484
1056, 1056, 431
1057, 1057, 431
1058, 1058, 443
1059, 1059, 486
1060, 1060, 425
1061, 1061, 465
1062, 1062, 438
1063, 1063, 435
1064, 1064, 430
1065, 1065, 435
1066, 1066, 418
1067, 1067, 448
1068, 1068, 458
1069, 1069, 439
1070, 1070, 422
1071, 1071, 447
1072, 1072, 443
1073, 1073, 464
1074, 1074, 429
1075, 1075, 450
1076, 1076, 470
1077, 1077, 486
1078, 1078, 440
1079, 1079, 452
1080, 1080, 452
1081, 1081, 467
1082, 1082, 439
1083, 1083, 511
1084, 1084, 442
1085, 1085, 462
1086, 1086, 436
1087, 1087, 476
1088, 1088, 430
1089, 1089, 453
1090, 1090, 451
1091, 1091, 436
1092, 1092, 483
1093, 1093, 461
1094, 1094, 452
1095, 1095, 472
1096, 1096, 449
1097, 1097, 412
1098, 1098, 462
1099, 1099, 450
1100, 1100, 412
1101, 1101, 448
1102, 1102, 486
1103, 1103, 434
1104, 1104, 441
1105, 1105, 468
1106, 1106, 477
1107, 1107, 465
1108, 1108, 464
1109, 1109, 470
1110, 1110, 450
1111, 1111, 444
1112, 1112, 450
1113, 1113, 472
1114, 1114, 455
1115, 1115, 440
1116, 1116, 467
1117, 1117, 417
1118, 1118, 465
1119, 1119, 463
1120, 1120, 458
1121, 1121, 464
1122, 1122, 443
1123, 1123, 448
1124, 1124, 473
1125, 1125, 450
1126, 1126, 448
1127, 1127, 449
1128, 1128, 450
1129, 1129, 482
1130, 1130, 484
1131, 1131, 475
1132, 1132, 469
1133, 1133, 413
1134, 1134, 473
1135, 1135, 435
1136, 1136, 485
1137, 1137, 477
1138, 1138, 481
1139, 1139, 469
1140, 1140, 467
1141, 1141, 461
1142, 1142, 448
1143, 1143, 444
1144, 1144, 446
1145, 1145, 422
1146, 1146, 445
1147, 1147, 468
1148, 1148, 457
1149, 1149, 460
1150, 1150, 431
1151, 1151, 440
1152, 1152, 435
1153, 1153, 493
1154, 1154, 422
1155, 1155, 486
1156, 1156, 443
1157, 1157, 477
1158, 1158, 423
1159, 1159, 477
1160, 1160, 427
1161, 1161, 476
1162, 1162, 452
1163, 1163, 401
1164, 1164, 446
1165, 1165, 478
1166, 1166, 419
1167, 1167, 469
1168, 1168, 439
1169, 1169, 450
1170, 1170, 455
1171, 1171, 428
1172, 1172, 437
1173, 1173, 452
1174, 1174, 443
1175, 1175, 410
1176, 1176, 401
1177, 1177, 452
1178, 1178, 426
1179, 1179, 446
1180, 1180, 452
1181, 1181, 418
1182, 1182, 464
1183, 1183, 429
1184, 1184, 437
1185, 1185, 427
1186, 1186, 422
1187, 1187, 478
1188, 1188, 456
1189, 1189, 411
1190, 1190, 434
1191, 1191, 440
1192, 1192, 436
1193, 1193, 395
1194, 1194, 400
1195, 1195, 442
1196, 1196, 417
1197, 1197, 456
1198, 1198, 418
1199, 1199, 449
1200, 1200, 413
1201, 1201, 434
1202, 1202, 434
1203, 1203, 427
1204, 1204, 431
1205, 1205, 417
1206, 1206, 419
1207, 1207, 432
1208, 1208, 438
1209, 1209, 424
1210, 1210, 381
1211, 1211, 415
1212, 1212, 419
1213, 1213, 438
1214, 1214, 397
1215, 1215, 414
1216, 1216, 438
1217, 1217, 441
1218, 1218, 421
1219, 1219, 449
1220, 1220, 404
1221, 1221, 401
1222, 1222, 401
1223, 1223, 382
1224, 1224, 419
1225, 1225, 381
1226, 1226, 418
1227, 1227, 413
1228, 1228, 357
1229, 1229, 371
1230, 1230, 387
1231, 1231, 421
1232, 1232, 330
1233, 1233, 413
1234, 1234, 401
1235, 1235, 368
1236, 1236, 373
1237, 1237, 389
1238, 1238, 379
1239, 1239, 377
1240, 1240, 394
1241, 1241, 389
1242, 1242, 394
1243, 1243, 371
1244, 1244, 364
1245, 1245, 364
1246, 1246, 363
1247, 1247, 384
1248, 1248, 384
1249, 1249, 363
1250, 1250, 330
1251, 1251, 374
1252, 1252, 356
1253, 1253, 344
1254, 1254, 338
1255, 1255, 389
1256, 1256, 345
1257, 1257, 351
1258, 1258, 357
1259, 1259, 337
1260, 1260, 352
1261, 1261, 360
1262, 1262, 316
1263, 1263, 359
1264, 1264, 325
1265, 1265, 382
1266, 1266, 349
1267, 1267, 365
1268, 1268, 341
1269, 1269, 349
1270, 1270, 322
1271, 1271, 309
1272, 1272, 328
1273, 1273, 294
1274, 1274, 313
1275, 1275, 349
1276, 1276, 317
1277, 1277, 350
1278, 1278, 313
1279, 1279, 321
1280, 1280, 333
1281, 1281, 330
1282, 1282, 341
1283, 1283, 305
1284, 1284, 325
1285, 1285, 345
1286, 1286, 315
1287, 1287, 307
1288, 1288, 326
1289, 1289, 324
1290, 1290, 316
1291, 1291, 316
1292, 1292, 322
1293, 1293, 327
1294, 1294, 327
1295, 1295, 315
1296, 1296, 337
1297, 1297, 306
1298, 1298, 278
1299, 1299, 308
1300, 1300, 325
1301, 1301, 297
1302, 1302, 285
1303, 1303, 283
1304, 1304, 300
1305, 1305, 312
1306, 1306, 297
1307, 1307, 314
1308, 1308, 339
1309, 1309, 315
1310, 1310, 302
1311, 1311, 322
1312, 1312, 275
1313, 1313, 311
1314, 1314, 292
1315, 1315, 328
1316, 1316, 311
1317, 1317, 290
1318, 1318, 299
1319, 1319, 292
1320, 1320, 273
1321, 1321, 290
1322, 1322, 291
1323, 1323, 262
1324, 1324, 304
1325, 1325, 289
1326, 1326, 266
1327, 1327, 299
1328, 1328, 317
1329, 1329, 273
1330, 1330, 318
1331, 1331, 290
1332, 1332, 334
1333, 1333, 288
1334, 1334, 290
1335, 1335, 316
1336, 1336, 267
1337, 1337, 267
1338, 1338, 300
1339, 1339, 299
1340, 1340, 308
1341, 1341, 285
1342, 1342, 271
1343, 1343, 282
1344, 1344, 278
1345, 1345, 309
1346, 1346, 271
1347, 1347, 281
1348, 1348, 259
1349, 1349, 268
1350, 1350, 273
1351, 1351, 270
1352, 1352, 284
1353, 1353, 282
1354, 1354, 283
1355, 1355, 237
1356, 1356, 257
1357, 1357, 274
1358, 1358, 293
1359, 1359, 260
1360, 1360, 285
1361, 1361, 276
1362, 1362, 254
1363, 1363, 261
1364, 1364, 263
1365, 1365, 305
1366, 1366, 278
1367, 1367, 304
1368, 1368, 246
1369, 1369, 287
1370, 1370, 284
1371, 1371, 271
1372, 1372, 232
1373, 1373, 264
1374, 1374, 256
1375, 1375, 283
1376, 1376, 244
1377, 1377, 293
1378, 1378, 264
1379, 1379, 243
1380, 1380, 249
1381, 1381, 263
1382, 1382, 207
1383, 1383, 263
1384, 1384, 245
1385, 1385, 245
1386, 1386, 244
1387, 1387, 244
1388, 1388, 275
1389, 1389, 266
1390, 1390, 232
1391, 1391, 262
1392, 1392, 261
1393, 1393, 268
1394, 1394, 259
1395, 1395, 243
1396, 1396, 250
1397, 1397, 228
1398, 1398, 240
1399, 1399, 240
1400, 1400, 252
1401, 1401, 248
1402, 1402, 236
1403, 1403, 234
1404, 1404, 219
1405, 1405, 227
1406, 1406, 256
1407, 1407, 229
1408, 1408, 236
1409, 1409, 222
1410, 1410, 225
1411, 1411, 219
1412, 1412, 228
1413, 1413, 246
1414, 1414, 230
1415, 1415, 241
1416, 1416, 225
1417, 1417, 239
1418, 1418, 244
1419, 1419, 218
1420, 1420, 225
1421, 1421, 241
1422, 1422, 234
1423, 1423, 244
1424, 1424, 239
1425, 1425, 236
1426, 1426, 232
1427, 1427, 248
1428, 1428, 250
1429, 1429, 228
1430, 1430, 227
1431, 1431, 228
1432, 1432, 250
1433, 1433, 273
1434, 1434, 252
1435, 1435, 230
1436, 1436, 258
1437, 1437, 281
1438, 1438, 240
1439, 1439, 262
1440, 1440, 258
1441, 1441, 247
1442, 1442, 277
1443, 1443, 259
1444, 1444, 250
1445, 1445, 248
1446, 1446, 262
1447, 1447, 260
1448, 1448, 269
1449, 1449, 300
1450, 1450, 277
1451, 1451, 295
1452, 1452, 283
1453, 1453, 334
1454, 1454, 273
1455, 1455, 305
1456, 1456, 297
1457, 1457, 311
1458, 1458, 332
1459, 1459, 301
1460, 1460, 311
1461, 1461, 309
1462, 1462, 323
1463, 1463, 341
1464, 1464, 351
1465, 1465, 374
1466, 1466, 351
1467, 1467, 357
1468, 1468, 414
1469, 1469, 377
1470, 1470, 395
1471, 1471, 415
1472, 1472, 395
1473, 1473, 407
1474, 1474, 436
1475, 1475, 430
1476, 1476, 465
1477, 1477, 448
1478, 1478, 479
1479, 1479, 441
1480, 1480, 498
1481, 1481, 560
1482, 1482, 500
1483, 1483, 512
1484, 1484, 514
1485, 1485, 551
1486, 1486, 534
1487, 1487, 570
1488, 1488, 607
1489, 1489, 571
1490, 1490, 539
1491, 1491, 588
1492, 1492, 583
1493, 1493, 573
1494, 1494, 590
1495, 1495, 626
1496, 1496, 611
1497, 1497, 632
1498, 1498, 647
1499, 1499, 665
1500, 1500, 631
1501, 1501, 701
1502, 1502, 630
1503, 1503, 664
1504, 1504, 673
1505, 1505, 645
1506, 1506, 720
1507, 1507, 718
1508, 1508, 699
1509, 1509, 692
1510, 1510, 748
1511, 1511, 697
1512, 1512, 706
1513, 1513, 734
1514, 1514, 750
1515, 1515, 759
1516, 1516, 751
1517, 1517, 735
1518, 1518, 732
1519, 1519, 787
1520, 1520, 779
1521, 1521, 781
1522, 1522, 733
1523, 1523, 730
1524, 1524, 766
1525, 1525, 754
1526, 1526, 710
1527, 1527, 771
1528, 1528, 708
1529, 1529, 727
1530, 1530, 762
1531, 1531, 713
1532, 1532, 662
1533, 1533, 710
1534, 1534, 729
1535, 1535, 741
1536, 1536, 698
1537, 1537, 697
1538, 1538, 685
1539, 1539, 663
1540, 1540, 704
1541, 1541, 627
1542, 1542, 637
1543, 1543, 660
1544, 1544, 635
1545, 1545, 644
1546, 1546, 664
1547, 1547, 597
1548, 1548, 600
1549, 1549, 592
1550, 1550, 586
1551, 1551, 603
1552, 1552, 539
1553, 1553, 515
1554, 1554, 546
1555, 1555, 505
1556, 1556, 551
1557, 1557, 530
1558, 1558, 514
1559, 1559, 463
1560, 1560, 499
1561, 1561, 456
1562, 1562, 433
1563, 1563, 458
1564, 1564, 452
1565, 1565, 429
1566, 1566, 398
1567, 1567, 447
1568, 1568, 411
1569, 1569, 349
1570, 1570, 359
1571, 1571, 373
1572, 1572, 377
1573, 1573, 347
1574, 1574, 339
1575, 1575, 313
1576, 1576, 328
1577, 1577, 333
1578, 1578, 285
1579, 1579, 267
1580, 1580, 270
1581, 1581, 284
1582, 1582, 276
1583, 1583, 269
1584, 1584, 268
1585, 1585, 274
1586, 1586, 246
1587, 1587, 219
1588, 1588, 225
1589, 1589, 257
1590, 1590, 224
1591, 1591, 191
1592, 1592, 210
1593, 1593, 166
1594, 1594, 203
1595, 1595, 207
1596, 1596, 205
1597, 1597, 205
1598, 1598, 171
1599, 1599, 168
1600, 1600, 153
1601, 1601, 151
1602, 1602, 151
1603, 1603, 161
1604, 1604, 135
1605, 1605, 148
1606, 1606, 155
1607, 1607, 141
1608, 1608, 132
1609, 1609, 132
1610, 1610, 136
1611, 1611, 147
1612, 1612, 121
1613, 1613, 134
1614, 1614, 128
1615, 1615, 110
1616, 1616, 129
1617, 1617, 111
1618, 1618, 119
1619, 1619, 105
1620, 1620, 117
1621, 1621, 130
1622, 1622, 130
1623, 1623, 132
1624, 1624, 120
1625, 1625, 101
1626, 1626, 108
1627, 1627, 120
1628, 1628, 112
1629, 1629, 126
1630, 1630, 111
1631, 1631, 106
1632, 1632, 118
1633, 1633, 134
1634, 1634, 125
1635, 1635, 139
1636, 1636, 129
1637, 1637, 133
1638, 1638, 120
1639, 1639, 130
1640, 1640, 128
1641, 1641, 116
1642, 1642, 159
1643, 1643, 146
1644, 1644, 156
1645, 1645, 149
1646, 1646, 160
1647, 1647, 146
1648, 1648, 179
1649, 1649, 176
1650, 1650, 181
1651, 1651, 170
1652, 1652, 183
1653, 1653, 165
1654, 1654, 208
1655, 1655, 210
1656, 1656, 175
1657, 1657, 215
1658, 1658, 232
1659, 1659, 241
1660, 1660, 212
1661, 1661, 235
1662, 1662, 242
1663, 1663, 256
1664, 1664, 224
1665, 1665, 259
1666, 1666, 253
1667, 1667, 295
1668, 1668, 249
1669, 1669, 290
1670, 1670, 266
1671, 1671, 289
1672, 1672, 320
1673, 1673, 294
1674, 1674, 310
1675, 1675, 291
1676, 1676, 301
1677, 1677, 336
1678, 1678, 363
1679, 1679, 359
1680, 1680, 358
1681, 1681, 386
1682, 1682, 333
1683, 1683, 371
1684, 1684, 410
1685, 1685, 422
1686, 1686, 401
1687, 1687, 415
1688, 1688, 413
1689, 1689, 408
1690, 1690, 468
1691, 1691, 434
1692, 1692, 426
1693, 1693, 441
1694, 1694, 447
1695, 1695, 460
1696, 1696, 490
1697, 1697, 468
1698, 1698, 498
1699, 1699, 441
1700, 1700, 511
1701, 1701, 477
1702, 1702, 479
1703, 1703, 532
1704, 1704, 498
1705, 1705, 501
1706, 1706, 562
1707, 1707, 536
1708, 1708, 530
1709, 1709, 562
1710, 1710, 563
1711, 1711, 569
1712, 1712, 527
1713, 1713, 572
1714, 1714, 537
1715, 1715, 551
1716, 1716, 587
1717, 1717, 556
1718, 1718, 545
1719, 1719, 543
1720, 1720, 572
1721, 1721, 586
1722, 1722, 576
1723, 1723, 573
1724, 1724, 635
1725, 1725, 593
1726, 1726, 610
1727, 1727, 560
1728, 1728, 554
1729, 1729, 531
1730, 1730, 574
1731, 1731, 540
1732, 1732, 567
1733, 1733, 588
1734, 1734, 506
1735, 1735, 527
1736, 1736, 577
1737, 1737, 570
1738, 1738, 565
1739, 1739, 542
1740, 1740, 547
1741, 1741, 537
1742, 1742, 551
1743, 1743, 507
1744, 1744, 513
1745, 1745, 479
1746, 1746, 478
1747, 1747, 493
1748, 1748, 499
1749, 1749, 427
1750, 1750, 453
1751, 1751, 451
1752, 1752, 422
1753, 1753, 459
1754, 1754, 402
1755, 1755, 411
1756, 1756, 427
1757, 1757, 413
1758, 1758, 394
1759, 1759, 413
1760, 1760, 367
1761, 1761, 363
1762, 1762, 395
1763, 1763, 373
1764, 1764, 328
1765, 1765, 383
1766, 1766, 335
1767, 1767, 347
1768, 1768, 336
1769, 1769, 325
1770, 1770, 334
1771, 1771, 298
1772, 1772, 308
1773, 1773, 304
1774, 1774, 291
1775, 1775, 255
1776, 1776, 261
1777, 1777, 249
1778, 1778, 262
1779, 1779, 238
1780, 1780, 223
1781, 1781, 232
1782, 1782, 211
1783, 1783, 227
1784, 1784, 240
1785, 1785, 199
1786, 1786, 234
1787, 1787, 169
1788, 1788, 194
1789, 1789, 189
1790, 1790, 188
1791, 1791, 176
1792, 1792, 147
1793, 1793, 165
1794, 1794, 163
1795, 1795, 164
1796, 1796, 137
1797, 1797, 164
1798, 1798, 134
1799, 1799, 138
1800, 1800, 116
1801, 1801, 112
1802, 1802, 133
1803, 1803, 131
1804, 1804, 136
1805, 1805, 119
1806, 1806, 103
1807, 1807, 97
1808, 1808, 113
1809, 1809, 97
1810, 1810, 97
1811, 1811, 102
1812, 1812, 86
1813, 1813, 87
1814, 1814, 73
1815, 1815, 85
1816, 1816, 86
1817, 1817, 75
1818, 1818, 79
1819, 1819, 69
1820, 1820, 74
1821, 1821, 67
1822, 1822, 62
1823, 1823, 80
1824, 1824, 64
1825, 1825, 72
1826, 1826, 71
1827, 1827, 55
1828, 1828, 49
1829, 1829, 58
1830, 1830, 53
1831, 1831, 59
1832, 1832, 70
1833, 1833, 49
1834, 1834, 37
1835, 1835, 49
1836, 1836, 51
1837, 1837, 57
1838, 1838, 53
1839, 1839, 50
1840, 1840, 61
1841, 1841, 56
1842, 1842, 61
1843, 1843, 45
1844, 1844, 50
1845, 1845, 49
1846, 1846, 45
1847, 1847, 42
1848, 1848, 44
1849, 1849, 44
1850, 1850, 50
1851, 1851, 46
1852, 1852, 49
1853, 1853, 53
1854, 1854, 40
1855, 1855, 34
1856, 1856, 42
1857, 1857, 42
1858, 1858, 40
1859, 1859, 43
1860, 1860, 47
1861, 1861, 53
1862, 1862, 42
1863, 1863, 54
1864, 1864, 42
1865, 1865, 44
1866, 1866, 50
1867, 1867, 46
1868, 1868, 41
1869, 1869, 54
1870, 1870, 39
1871, 1871, 46
1872, 1872, 38
1873, 1873, 52
1874, 1874, 48
1875, 1875, 51
1876, 1876, 37
1877, 1877, 42
1878, 1878, 34
1879, 1879, 44
1880, 1880, 51
1881, 1881, 39
1882, 1882, 45
1883, 1883, 49
1884, 1884, 42
1885, 1885, 34
1886, 1886, 31
1887, 1887, 45
1888, 1888, 48
1889, 1889, 38
1890, 1890, 50
1891, 1891, 41
1892, 1892, 39
1893, 1893, 42
1894, 1894, 41
1895, 1895, 44
1896, 1896, 42
1897, 1897, 34
1898, 1898, 42
1899, 1899, 54
1900, 1900, 37
1901, 1901, 31
1902, 1902, 40
1903, 1903, 40
1904, 1904, 35
1905, 1905, 40
1906, 1906, 42
1907, 1907, 41
1908, 1908, 50
1909, 1909, 33
1910, 1910, 46
1911, 1911, 29
1912, 1912, 44
1913, 1913, 42
1914, 1914, 37
1915, 1915, 26
1916, 1916, 33
1917, 1917, 42
1918, 1918, 36
1919, 1919, 25
1920, 1920, 36
1921, 1921, 39
1922, 1922, 34
1923, 1923, 29
1924, 1924, 32
1925, 1925, 37
1926, 1926, 38
1927, 1927, 34
1928, 1928, 37
1929, 1929, 30
1930, 1930, 30
1931, 1931, 32
1932, 1932, 31
1933, 1933, 39
1934, 1934, 26
1935, 1935, 37
1936, 1936, 32
1937, 1937, 39
1938, 1938, 36
1939, 1939, 27
1940, 1940, 29
1941, 1941, 32
1942, 1942, 35
1943, 1943, 23
1944, 1944, 26
1945, 1945, 23
1946, 1946, 26
1947, 1947, 23
1948, 1948, 27
1949, 1949, 22
1950, 1950, 26
1951, 1951, 16
1952, 1952, 30
1953, 1953, 24
1954, 1954, 21
1955, 1955, 28
1956, 1956, 17
1957, 1957, 23
1958, 1958, 22
1959, 1959, 27
1960, 1960, 22
1961, 1961, 26
1962, 1962, 18
1963, 1963, 23
1964, 1964, 23
1965, 1965, 26
1966, 1966, 23
1967, 1967, 28
1968, 1968, 25
1969, 1969, 20
1970, 1970, 17
1971, 1971, 14
1972, 1972, 29
1973, 1973, 34
1974, 1974, 20
1975, 1975, 12
1976, 1976, 23
1977, 1977, 16
1978, 1978, 18
1979, 1979, 23
1980, 1980, 22
1981, 1981, 16
1982, 1982, 18
1983, 1983, 17
1984, 1984, 17
1985, 1985, 19
1986, 1986, 18
1987, 1987, 26
1988, 1988, 27
1989, 1989, 17
1990, 1990, 20
1991, 1991, 19
1992, 1992, 16
1993, 1993, 21
1994, 1994, 28
1995, 1995, 25
1996, 1996, 15
1997, 1997, 17
1998, 1998, 17
1999, 1999, 20
2000, 2000, 14
2001, 2001, 17
2002, 2002, 19
2003, 2003, 24
2004, 2004, 16
2005, 2005, 22
2006, 2006, 16
2007, 2007, 18
2008, 2008, 14
2009, 2009, 15
2010, 2010, 22
2011, 2011, 20
2012, 2012, 10
2013, 2013, 19
2014, 2014, 18
2015, 2015, 13
2016, 2016, 16
2017, 2017, 24
2018, 2018, 21
2019, 2019, 20
2020, 2020, 18
2021, 2021, 19
2022, 2022, 19
2023, 2023, 22
2024, 2024, 18
2025, 2025, 16
2026, 2026, 15
2027, 2027, 13
2028, 2028, 26
2029, 2029, 23
2030, 2030, 25
2031, 2031, 19
2032, 2032, 19
2033, 2033, 12
2034, 2034, 19
2035, 2035, 17
2036, 2036, 11
2037, 2037, 19
2038, 2038, 13
2039, 2039, 13
2040, 2040, 24
2041, 2041, 23
2042, 2042, 15
2043, 2043, 6
2044, 2044, 19
2045, 2045, 19
2046, 2046, 21
2047, 2047, 19
2048, 2048, 16
