Start Time, Wed Mar 4 16:11:53 GMT+0000 2026
Energy calibration,  Offset: 0, Slope: 1, Quadratic: 0
Live Time (s), 80648.034719
Real Time (s), 80657.664186
Elapsed Computational, 0
Spectrum
Channel, Energy (keV), Counts
1, 1, 0
2, 2, 0
3, 3, 0
4, 4, 0
5, 5, 0
6, 6, 0
7, 7, 0
8, 8, 0
9, 9, 0
10, 10, 784
11, 11, 792
12, 12, 698
13, 13, 638
14, 14, 670
15, 15, 623
16, 16, 637
17, 17, 618
18, 18, 637
19, 19, 698
20, 20, 667
21, 21, 702
22, 22, 668
23, 23, 655
24, 24, 660
25, 25, 643
26, 26, 705
27, 27, 713
28, 28, 763
29, 29, 666
30, 30, 654
31, 31, 692
32, 32, 691
33, 33, 641
34, 34, 666
35, 35, 623
36, 36, 643
37, 37, 679
38, 38, 661
39, 39, 720
40, 40, 701
41, 41, 687
42, 42, 698
43, 43, 666
44, 44, 753
45, 45, 753
46, 46, 781
47, 47, 741
48, 48, 671
49, 49, 670
50, 50, 718
51, 51, 757
52, 52, 717
53, 53, 722
54, 54, 754
55, 55, 782
56, 56, 726
57, 57, 742
58, 58, 785
59, 59, 751
60, 60, 802
61, 61, 820
62, 62, 863
63, 63, 889
64, 64, 909
65, 65, 946
66, 66, 1010
67, 67, 1036
68, 68, 1075
69, 69, 1112
70, 70, 1164
71, 71, 1176
72, 72, 1088
73, 73, 1145
74, 74, 1133
75, 75, 1106
76, 76, 991
77, 77, 1006
78, 78, 1014
79, 79, 975
80, 80, 960
81, 81, 945
82, 82, 927
83, 83, 961
84, 84, 935
85, 85, 962
86, 86, 1009
87, 87, 1005
88, 88, 1015
89, 89, 1016
90, 90, 1048
91, 91, 1103
92, 92, 1040
93, 93, 1080
94, 94, 1098
95, 95, 1152
96, 96, 1204
97, 97, 1276
98, 98, 1314
99, 99, 1464
100, 100, 1525
101, 101, 1614
102, 102, 1751
103, 103, 1855
104, 104, 1989
105, 105, 2212
106, 106, 2372
107, 107, 2497
108, 108, 2666
109, 109, 2828
110, 110, 2926
111, 111, 3019
112, 112, 3038
113, 113, 3099
114, 114, 2960
115, 115, 2997
116, 116, 2941
117, 117, 2777
118, 118, 2740
119, 119, 2563
120, 120, 2525
121, 121, 2447
122, 122, 2432
123, 123, 2368
124, 124, 2223
125, 125, 2179
126, 126, 2132
127, 127, 2163
128, 128, 2081
129, 129, 1967
130, 130, 1928
131, 131, 1886
132, 132, 1899
133, 133, 1807
134, 134, 1650
135, 135, 1593
136, 136, 1547
137, 137, 1527
138, 138, 1446
139, 139, 1398
140, 140, 1416
141, 141, 1422
142, 142, 1384
143, 143, 1327
144, 144, 1295
145, 145, 1353
146, 146, 1316
147, 147, 1340
148, 148, 1295
149, 149, 1314
150, 150, 1279
151, 151, 1282
152, 152, 1342
153, 153, 1278
154, 154, 1311
155, 155, 1274
156, 156, 1293
157, 157, 1242
158, 158, 1248
159, 159, 1340
160, 160, 1295
161, 161, 1330
162, 162, 1260
163, 163, 1319
164, 164, 1295
165, 165, 1243
166, 166, 1285
167, 167, 1256
168, 168, 1281
169, 169, 1288
170, 170, 1287
171, 171, 1303
172, 172, 1304
173, 173, 1288
174, 174, 1261
175, 175, 1286
176, 176, 1283
177, 177, 1268
178, 178, 1356
179, 179, 1270
180, 180, 1222
181, 181, 1229
182, 182, 1277
183, 183, 1210
184, 184, 1185
185, 185, 1261
186, 186, 1276
187, 187, 1289
188, 188, 1320
189, 189, 1242
190, 190, 1281
191, 191, 1229
192, 192, 1300
193, 193, 1253
194, 194, 1293
195, 195, 1296
196, 196, 1237
197, 197, 1247
198, 198, 1231
199, 199, 1202
200, 200, 1196
201, 201, 1215
202, 202, 1239
203, 203, 1250
204, 204, 1230
205, 205, 1243
206, 206, 1242
207, 207, 1221
208, 208, 1202
209, 209, 1241
210, 210, 1222
211, 211, 1220
212, 212, 1234
213, 213, 1240
214, 214, 1160
215, 215, 1125
216, 216, 1228
217, 217, 1216
218, 218, 1211
219, 219, 1164
220, 220, 1143
221, 221, 1215
222, 222, 1199
223, 223, 1137
224, 224, 1147
225, 225, 1212
226, 226, 1196
227, 227, 1198
228, 228, 1175
229, 229, 1166
230, 230, 1134
231, 231, 1100
232, 232, 1161
233, 233, 1164
234, 234, 1129
235, 235, 1145
236, 236, 1126
237, 237, 1101
238, 238, 1124
239, 239, 1115
240, 240, 1157
241, 241, 1149
242, 242, 1089
243, 243, 1116
244, 244, 1104
245, 245, 1121
246, 246, 1079
247, 247, 1103
248, 248, 1133
249, 249, 1094
250, 250, 1071
251, 251, 1088
252, 252, 1116
253, 253, 1065
254, 254, 1027
255, 255, 1066
256, 256, 1055
257, 257, 1104
258, 258, 1107
259, 259, 1087
260, 260, 1148
261, 261, 1100
262, 262, 1002
263, 263, 1153
264, 264, 1012
265, 265, 1054
266, 266, 1068
267, 267, 1041
268, 268, 1072
269, 269, 1134
270, 270, 1071
271, 271, 1109
272, 272, 1114
273, 273, 1086
274, 274, 1050
275, 275, 1052
276, 276, 1078
277, 277, 1005
278, 278, 1111
279, 279, 1062
280, 280, 1047
281, 281, 1062
282, 282, 1057
283, 283, 1040
284, 284, 1045
285, 285, 1100
286, 286, 1091
287, 287, 1049
288, 288, 1077
289, 289, 1082
290, 290, 1061
291, 291, 1112
292, 292, 1000
293, 293, 1070
294, 294, 1022
295, 295, 1078
296, 296, 1058
297, 297, 1120
298, 298, 1059
299, 299, 1026
300, 300, 1141
301, 301, 1014
302, 302, 1035
303, 303, 1030
304, 304, 1041
305, 305, 1026
306, 306, 1075
307, 307, 1025
308, 308, 1065
309, 309, 1086
310, 310, 1056
311, 311, 1064
312, 312, 1050
313, 313, 1060
314, 314, 1073
315, 315, 1042
316, 316, 992
317, 317, 1047
318, 318, 1082
319, 319, 1057
320, 320, 1054
321, 321, 1119
322, 322, 1079
323, 323, 1029
324, 324, 1098
325, 325, 1059
326, 326, 997
327, 327, 1057
328, 328, 1034
329, 329, 1029
330, 330, 1019
331, 331, 1026
332, 332, 1010
333, 333, 1038
334, 334, 1068
335, 335, 1056
336, 336, 1053
337, 337, 998
338, 338, 1033
339, 339, 981
340, 340, 988
341, 341, 991
342, 342, 1046
343, 343, 973
344, 344, 1014
345, 345, 998
346, 346, 919
347, 347, 1026
348, 348, 961
349, 349, 991
350, 350, 951
351, 351, 951
352, 352, 916
353, 353, 918
354, 354, 905
355, 355, 938
356, 356, 962
357, 357, 918
358, 358, 946
359, 359, 940
360, 360, 933
361, 361, 988
362, 362, 907
363, 363, 945
364, 364, 906
365, 365, 997
366, 366, 892
367, 367, 905
368, 368, 933
369, 369, 867
370, 370, 888
371, 371, 885
372, 372, 864
373, 373, 867
374, 374, 909
375, 375, 873
376, 376, 886
377, 377, 888
378, 378, 889
379, 379, 936
380, 380, 902
381, 381, 826
382, 382, 881
383, 383, 900
384, 384, 855
385, 385, 892
386, 386, 922
387, 387, 886
388, 388, 888
389, 389, 879
390, 390, 830
391, 391, 862
392, 392, 894
393, 393, 878
394, 394, 856
395, 395, 864
396, 396, 875
397, 397, 832
398, 398, 851
399, 399, 862
400, 400, 908
401, 401, 804
402, 402, 865
403, 403, 867
404, 404, 830
405, 405, 858
406, 406, 850
407, 407, 827
408, 408, 840
409, 409, 834
410, 410, 829
411, 411, 814
412, 412, 869
413, 413, 862
414, 414, 841
415, 415, 822
416, 416, 807
417, 417, 809
418, 418, 791
419, 419, 828
420, 420, 846
421, 421, 843
422, 422, 790
423, 423, 829
424, 424, 772
425, 425, 803
426, 426, 846
427, 427, 834
428, 428, 794
429, 429, 832
430, 430, 823
431, 431, 833
432, 432, 817
433, 433, 800
434, 434, 770
435, 435, 799
436, 436, 729
437, 437, 789
438, 438, 781
439, 439, 759
440, 440, 785
441, 441, 818
442, 442, 764
443, 443, 776
444, 444, 769
445, 445, 792
446, 446, 754
447, 447, 773
448, 448, 793
449, 449, 742
450, 450, 742
451, 451, 828
452, 452, 809
453, 453, 755
454, 454, 775
455, 455, 724
456, 456, 775
457, 457, 773
458, 458, 776
459, 459, 748
460, 460, 740
461, 461, 746
462, 462, 799
463, 463, 715
464, 464, 779
465, 465, 787
466, 466, 735
467, 467, 745
468, 468, 757
469, 469, 720
470, 470, 734
471, 471, 734
472, 472, 760
473, 473, 748
474, 474, 751
475, 475, 796
476, 476, 742
477, 477, 698
478, 478, 765
479, 479, 708
480, 480, 752
481, 481, 765
482, 482, 727
483, 483, 715
484, 484, 749
485, 485, 758
486, 486, 758
487, 487, 741
488, 488, 717
489, 489, 722
490, 490, 718
491, 491, 724
492, 492, 721
493, 493, 733
494, 494, 727
495, 495, 682
496, 496, 742
497, 497, 695
498, 498, 714
499, 499, 715
500, 500, 725
501, 501, 708
502, 502, 658
503, 503, 713
504, 504, 707
505, 505, 724
506, 506, 680
507, 507, 710
508, 508, 676
509, 509, 688
510, 510, 641
511, 511, 704
512, 512, 707
513, 513, 669
514, 514, 683
515, 515, 685
516, 516, 647
517, 517, 692
518, 518, 692
519, 519, 639
520, 520, 668
521, 521, 675
522, 522, 709
523, 523, 626
524, 524, 676
525, 525, 668
526, 526, 675
527, 527, 641
528, 528, 680
529, 529, 650
530, 530, 668
531, 531, 668
532, 532, 677
533, 533, 688
534, 534, 621
535, 535, 700
536, 536, 637
537, 537, 659
538, 538, 635
539, 539, 644
540, 540, 637
541, 541, 656
542, 542, 674
543, 543, 654
544, 544, 617
545, 545, 663
546, 546, 676
547, 547, 669
548, 548, 660
549, 549, 627
550, 550, 654
551, 551, 670
552, 552, 636
553, 553, 651
554, 554, 606
555, 555, 659
556, 556, 643
557, 557, 671
558, 558, 661
559, 559, 679
560, 560, 662
561, 561, 663
562, 562, 643
563, 563, 621
564, 564, 657
565, 565, 698
566, 566, 598
567, 567, 672
568, 568, 644
569, 569, 646
570, 570, 634
571, 571, 636
572, 572, 651
573, 573, 623
574, 574, 650
575, 575, 616
576, 576, 664
577, 577, 651
578, 578, 586
579, 579, 683
580, 580, 664
581, 581, 654
582, 582, 629
583, 583, 635
584, 584, 679
585, 585, 637
586, 586, 620
587, 587, 642
588, 588, 648
589, 589, 596
590, 590, 623
591, 591, 608
592, 592, 656
593, 593, 604
594, 594, 609
595, 595, 621
596, 596, 600
597, 597, 615
598, 598, 624
599, 599, 704
600, 600, 586
601, 601, 612
602, 602, 637
603, 603, 590
604, 604, 596
605, 605, 610
606, 606, 665
607, 607, 575
608, 608, 544
609, 609, 651
610, 610, 591
611, 611, 617
612, 612, 609
613, 613, 644
614, 614, 620
615, 615, 593
616, 616, 652
617, 617, 623
618, 618, 587
619, 619, 605
620, 620, 576
621, 621, 591
622, 622, 607
623, 623, 604
624, 624, 671
625, 625, 640
626, 626, 615
627, 627, 596
628, 628, 576
629, 629, 612
630, 630, 595
631, 631, 603
632, 632, 592
633, 633, 596
634, 634, 644
635, 635, 587
636, 636, 638
637, 637, 618
638, 638, 615
639, 639, 638
640, 640, 613
641, 641, 601
642, 642, 636
643, 643, 585
644, 644, 569
645, 645, 621
646, 646, 653
647, 647, 654
648, 648, 657
649, 649, 601
650, 650, 589
651, 651, 591
652, 652, 648
653, 653, 600
654, 654, 613
655, 655, 609
656, 656, 615
657, 657, 627
658, 658, 668
659, 659, 636
660, 660, 618
661, 661, 609
662, 662, 606
663, 663, 658
664, 664, 607
665, 665, 611
666, 666, 651
667, 667, 622
668, 668, 603
669, 669, 608
670, 670, 660
671, 671, 661
672, 672, 644
673, 673, 629
674, 674, 644
675, 675, 644
676, 676, 630
677, 677, 620
678, 678, 675
679, 679, 686
680, 680, 607
681, 681, 616
682, 682, 666
683, 683, 612
684, 684, 627
685, 685, 609
686, 686, 629
687, 687, 633
688, 688, 635
689, 689, 614
690, 690, 618
691, 691, 602
692, 692, 626
693, 693, 609
694, 694, 656
695, 695, 662
696, 696, 642
697, 697, 581
698, 698, 628
699, 699, 627
700, 700, 604
701, 701, 616
702, 702, 614
703, 703, 626
704, 704, 618
705, 705, 634
706, 706, 565
707, 707, 594
708, 708, 568
709, 709, 645
710, 710, 596
711, 711, 588
712, 712, 530
713, 713, 566
714, 714, 564
715, 715, 550
716, 716, 562
717, 717, 572
718, 718, 570
719, 719, 520
720, 720, 529
721, 721, 544
722, 722, 485
723, 723, 559
724, 724, 574
725, 725, 529
726, 726, 555
727, 727, 534
728, 728, 590
729, 729, 519
730, 730, 550
731, 731, 536
732, 732, 541
733, 733, 535
734, 734, 533
735, 735, 551
736, 736, 499
737, 737, 550
738, 738, 576
739, 739, 536
740, 740, 537
741, 741, 571
742, 742, 547
743, 743, 544
744, 744, 521
745, 745, 538
746, 746, 533
747, 747, 499
748, 748, 528
749, 749, 537
750, 750, 505
751, 751, 518
752, 752, 548
753, 753, 501
754, 754, 524
755, 755, 528
756, 756, 511
757, 757, 531
758, 758, 580
759, 759, 507
760, 760, 541
761, 761, 516
762, 762, 513
763, 763, 511
764, 764, 542
765, 765, 516
766, 766, 505
767, 767, 549
768, 768, 485
769, 769, 543
770, 770, 517
771, 771, 556
772, 772, 502
773, 773, 535
774, 774, 556
775, 775, 570
776, 776, 509
777, 777, 520
778, 778, 488
779, 779, 495
780, 780, 504
781, 781, 525
782, 782, 559
783, 783, 530
784, 784, 527
785, 785, 491
786, 786, 528
787, 787, 560
788, 788, 544
789, 789, 557
790, 790, 540
791, 791, 510
792, 792, 522
793, 793, 503
794, 794, 531
795, 795, 509
796, 796, 545
797, 797, 530
798, 798, 529
799, 799, 545
800, 800, 553
801, 801, 545
802, 802, 508
803, 803, 548
804, 804, 528
805, 805, 533
806, 806, 537
807, 807, 554
808, 808, 552
809, 809, 497
810, 810, 563
811, 811, 543
812, 812, 481
813, 813, 546
814, 814, 463
815, 815, 556
816, 816, 561
817, 817, 537
818, 818, 526
819, 819, 473
820, 820, 516
821, 821, 493
822, 822, 510
823, 823, 471
824, 824, 514
825, 825, 493
826, 826, 516
827, 827, 511
828, 828, 517
829, 829, 538
830, 830, 517
831, 831, 480
832, 832, 540
833, 833, 545
834, 834, 457
835, 835, 512
836, 836, 510
837, 837, 482
838, 838, 508
839, 839, 488
840, 840, 541
841, 841, 493
842, 842, 485
843, 843, 473
844, 844, 488
845, 845, 459
846, 846, 508
847, 847, 435
848, 848, 466
849, 849, 495
850, 850, 483
851, 851, 493
852, 852, 465
853, 853, 520
854, 854, 485
855, 855, 520
856, 856, 479
857, 857, 455
858, 858, 498
859, 859, 443
860, 860, 458
861, 861, 465
862, 862, 459
863, 863, 519
864, 864, 481
865, 865, 493
866, 866, 462
867, 867, 473
868, 868, 448
869, 869, 468
870, 870, 457
871, 871, 474
872, 872, 500
873, 873, 483
874, 874, 473
875, 875, 463
876, 876, 447
877, 877, 446
878, 878, 459
879, 879, 466
880, 880, 441
881, 881, 490
882, 882, 469
883, 883, 476
884, 884, 479
885, 885, 465
886, 886, 436
887, 887, 428
888, 888, 478
889, 889, 495
890, 890, 473
891, 891, 460
892, 892, 436
893, 893, 458
894, 894, 474
895, 895, 486
896, 896, 484
897, 897, 494
898, 898, 454
899, 899, 495
900, 900, 487
901, 901, 467
902, 902, 449
903, 903, 481
904, 904, 443
905, 905, 468
906, 906, 461
907, 907, 482
908, 908, 448
909, 909, 466
910, 910, 430
911, 911, 457
912, 912, 439
913, 913, 441
914, 914, 448
915, 915, 483
916, 916, 436
917, 917, 455
918, 918, 447
919, 919, 440
920, 920, 482
921, 921, 491
922, 922, 456
923, 923, 467
924, 924, 446
925, 925, 460
926, 926, 455
927, 927, 435
928, 928, 464
929, 929, 449
930, 930, 518
931, 931, 487
932, 932, 429
933, 933, 462
934, 934, 471
935, 935, 440
936, 936, 438
937, 937, 443
938, 938, 456
939, 939, 463
940, 940, 463
941, 941, 494
942, 942, 498
943, 943, 513
944, 944, 427
945, 945, 454
946, 946, 455
947, 947, 446
948, 948, 470
949, 949, 472
950, 950, 486
951, 951, 465
952, 952, 470
953, 953, 453
954, 954, 451
955, 955, 459
956, 956, 437
957, 957, 448
958, 958, 473
959, 959, 444
960, 960, 482
961, 961, 469
962, 962, 416
963, 963, 474
964, 964, 449
965, 965, 456
966, 966, 484
967, 967, 438
968, 968, 446
969, 969, 459
970, 970, 434
971, 971, 458
972, 972, 479
973, 973, 476
974, 974, 517
975, 975, 477
976, 976, 429
977, 977, 447
978, 978, 419
979, 979, 469
980, 980, 480
981, 981, 454
982, 982, 500
983, 983, 465
984, 984, 483
985, 985, 458
986, 986, 451
987, 987, 467
988, 988, 457
989, 989, 431
990, 990, 446
991, 991, 431
992, 992, 437
993, 993, 446
994, 994, 434
995, 995, 453
996, 996, 407
997, 997, 432
998, 998, 470
999, 999, 440
1000, 1000, 446
1001, 1001, 451
1002, 1002, 473
1003, 1003, 441
1004, 1004, 465
1005, 1005, 465
1006, 1006, 421
1007, 1007, 461
1008, 1008, 470
1009, 1009, 477
1010, 1010, 467
1011, 1011, 455
1012, 1012, 476
1013, 1013, 426
1014, 1014, 485
1015, 1015, 446
1016, 1016, 415
1017, 1017, 434
1018, 1018, 438
1019, 1019, 451
1020, 1020, 478
1021, 1021, 414
1022, 1022, 447
1023, 1023, 480
1024, 1024, 464
1025, 1025, 489
1026, 1026, 443
1027, 1027, 456
1028, 1028, 421
1029, 1029, 468
1030, 1030, 421
1031, 1031, 442
1032, 1032, 431
1033, 1033, 449
1034, 1034, 487
1035, 1035, 483
1036, 1036, 481
1037, 1037, 402
1038, 1038, 441
1039, 1039, 431
1040, 1040, 450
1041, 1041, 436
1042, 1042, 432
1043, 1043, 405
1044, 1044, 422
1045, 1045, 451
1046, 1046, 438
1047, 1047, 428
1048, 1048, 489
1049, 1049, 415
1050, 1050, 431
1051, 1051, 422
1052, 1052, 425
1053, 1053, 439
1054, 1054, 454
1055, 1055, 442
1056, 1056, 432
1057, 1057, 443
1058, 1058, 524
1059, 1059, 448
1060, 1060, 475
1061, 1061, 441
1062, 1062, 478
1063, 1063, 446
1064, 1064, 421
1065, 1065, 448
1066, 1066, 465
1067, 1067, 486
1068, 1068, 418
1069, 1069, 442
1070, 1070, 457
1071, 1071, 448
1072, 1072, 437
1073, 1073, 439
1074, 1074, 430
1075, 1075, 474
1076, 1076, 477
1077, 1077, 456
1078, 1078, 478
1079, 1079, 434
1080, 1080, 438
1081, 1081, 483
1082, 1082, 463
1083, 1083, 414
1084, 1084, 462
1085, 1085, 456
1086, 1086, 434
1087, 1087, 431
1088, 1088, 445
1089, 1089, 456
1090, 1090, 441
1091, 1091, 427
1092, 1092, 446
1093, 1093, 446
1094, 1094, 430
1095, 1095, 452
1096, 1096, 446
1097, 1097, 504
1098, 1098, 449
1099, 1099, 440
1100, 1100, 496
1101, 1101, 435
1102, 1102, 452
1103, 1103, 465
1104, 1104, 440
1105, 1105, 455
1106, 1106, 441
1107, 1107, 471
1108, 1108, 459
1109, 1109, 469
1110, 1110, 465
1111, 1111, 440
1112, 1112, 482
1113, 1113, 461
1114, 1114, 411
1115, 1115, 447
1116, 1116, 463
1117, 1117, 460
1118, 1118, 470
1119, 1119, 417
1120, 1120, 446
1121, 1121, 452
1122, 1122, 453
1123, 1123, 478
1124, 1124, 466
1125, 1125, 450
1126, 1126, 422
1127, 1127, 491
1128, 1128, 460
1129, 1129, 450
1130, 1130, 434
1131, 1131, 452
1132, 1132, 456
1133, 1133, 409
1134, 1134, 459
1135, 1135, 453
1136, 1136, 465
1137, 1137, 436
1138, 1138, 407
1139, 1139, 429
1140, 1140, 442
1141, 1141, 459
1142, 1142, 447
1143, 1143, 433
1144, 1144, 409
1145, 1145, 466
1146, 1146, 457
1147, 1147, 495
1148, 1148, 426
1149, 1149, 420
1150, 1150, 484
1151, 1151, 478
1152, 1152, 476
1153, 1153, 470
1154, 1154, 451
1155, 1155, 446
1156, 1156, 459
1157, 1157, 437
1158, 1158, 461
1159, 1159, 456
1160, 1160, 457
1161, 1161, 498
1162, 1162, 492
1163, 1163, 437
1164, 1164, 468
1165, 1165, 463
1166, 1166, 458
1167, 1167, 453
1168, 1168, 457
1169, 1169, 475
1170, 1170, 471
1171, 1171, 453
1172, 1172, 474
1173, 1173, 450
1174, 1174, 410
1175, 1175, 401
1176, 1176, 420
1177, 1177, 432
1178, 1178, 437
1179, 1179, 476
1180, 1180, 428
1181, 1181, 406
1182, 1182, 451
1183, 1183, 478
1184, 1184, 428
1185, 1185, 421
1186, 1186, 431
1187, 1187, 466
1188, 1188, 406
1189, 1189, 418
1190, 1190, 454
1191, 1191, 402
1192, 1192, 442
1193, 1193, 480
1194, 1194, 444
1195, 1195, 446
1196, 1196, 462
1197, 1197, 446
1198, 1198, 390
1199, 1199, 429
1200, 1200, 452
1201, 1201, 393
1202, 1202, 414
1203, 1203, 428
1204, 1204, 471
1205, 1205, 440
1206, 1206, 400
1207, 1207, 443
1208, 1208, 389
1209, 1209, 411
1210, 1210, 381
1211, 1211, 449
1212, 1212, 403
1213, 1213, 395
1214, 1214, 416
1215, 1215, 430
1216, 1216, 406
1217, 1217, 383
1218, 1218, 438
1219, 1219, 392
1220, 1220, 412
1221, 1221, 357
1222, 1222, 405
1223, 1223, 425
1224, 1224, 379
1225, 1225, 359
1226, 1226, 368
1227, 1227, 399
1228, 1228, 388
1229, 1229, 351
1230, 1230, 400
1231, 1231, 367
1232, 1232, 390
1233, 1233, 384
1234, 1234, 378
1235, 1235, 395
1236, 1236, 414
1237, 1237, 381
1238, 1238, 359
1239, 1239, 405
1240, 1240, 348
1241, 1241, 389
1242, 1242, 378
1243, 1243, 406
1244, 1244, 372
1245, 1245, 337
1246, 1246, 370
1247, 1247, 390
1248, 1248, 363
1249, 1249, 352
1250, 1250, 383
1251, 1251, 373
1252, 1252, 354
1253, 1253, 360
1254, 1254, 377
1255, 1255, 369
1256, 1256, 364
1257, 1257, 350
1258, 1258, 348
1259, 1259, 331
1260, 1260, 357
1261, 1261, 358
1262, 1262, 323
1263, 1263, 360
1264, 1264, 332
1265, 1265, 321
1266, 1266, 331
1267, 1267, 330
1268, 1268, 358
1269, 1269, 328
1270, 1270, 326
1271, 1271, 349
1272, 1272, 348
1273, 1273, 376
1274, 1274, 318
1275, 1275, 356
1276, 1276, 326
1277, 1277, 360
1278, 1278, 333
1279, 1279, 303
1280, 1280, 340
1281, 1281, 335
1282, 1282, 340
1283, 1283, 322
1284, 1284, 288
1285, 1285, 343
1286, 1286, 340
1287, 1287, 332
1288, 1288, 302
1289, 1289, 299
1290, 1290, 305
1291, 1291, 326
1292, 1292, 340
1293, 1293, 351
1294, 1294, 350
1295, 1295, 285
1296, 1296, 338
1297, 1297, 334
1298, 1298, 321
1299, 1299, 289
1300, 1300, 269
1301, 1301, 312
1302, 1302, 323
1303, 1303, 321
1304, 1304, 293
1305, 1305, 318
1306, 1306, 312
1307, 1307, 296
1308, 1308, 301
1309, 1309, 309
1310, 1310, 286
1311, 1311, 295
1312, 1312, 325
1313, 1313, 300
1314, 1314, 289
1315, 1315, 290
1316, 1316, 314
1317, 1317, 305
1318, 1318, 314
1319, 1319, 292
1320, 1320, 329
1321, 1321, 319
1322, 1322, 297
1323, 1323, 306
1324, 1324, 303
1325, 1325, 301
1326, 1326, 306
1327, 1327, 265
1328, 1328, 279
1329, 1329, 293
1330, 1330, 267
1331, 1331, 308
1332, 1332, 292
1333, 1333, 285
1334, 1334, 238
1335, 1335, 278
1336, 1336, 319
1337, 1337, 264
1338, 1338, 278
1339, 1339, 283
1340, 1340, 309
1341, 1341, 253
1342, 1342, 284
1343, 1343, 284
1344, 1344, 257
1345, 1345, 306
1346, 1346, 298
1347, 1347, 273
1348, 1348, 282
1349, 1349, 285
1350, 1350, 307
1351, 1351, 246
1352, 1352, 286
1353, 1353, 290
1354, 1354, 260
1355, 1355, 243
1356, 1356, 286
1357, 1357, 277
1358, 1358, 300
1359, 1359, 262
1360, 1360, 267
1361, 1361, 264
1362, 1362, 278
1363, 1363, 258
1364, 1364, 286
1365, 1365, 253
1366, 1366, 245
1367, 1367, 264
1368, 1368, 265
1369, 1369, 252
1370, 1370, 275
1371, 1371, 283
1372, 1372, 302
1373, 1373, 236
1374, 1374, 241
1375, 1375, 282
1376, 1376, 261
1377, 1377, 244
1378, 1378, 250
1379, 1379, 261
1380, 1380, 297
1381, 1381, 265
1382, 1382, 256
1383, 1383, 266
1384, 1384, 255
1385, 1385, 259
1386, 1386, 236
1387, 1387, 258
1388, 1388, 267
1389, 1389, 269
1390, 1390, 256
1391, 1391, 277
1392, 1392, 231
1393, 1393, 223
1394, 1394, 213
1395, 1395, 253
1396, 1396, 245
1397, 1397, 226
1398, 1398, 265
1399, 1399, 273
1400, 1400, 257
1401, 1401, 232
1402, 1402, 249
1403, 1403, 249
1404, 1404, 227
1405, 1405, 238
1406, 1406, 212
1407, 1407, 228
1408, 1408, 222
1409, 1409, 210
1410, 1410, 238
1411, 1411, 250
1412, 1412, 223
1413, 1413, 235
1414, 1414, 243
1415, 1415, 223
1416, 1416, 245
1417, 1417, 226
1418, 1418, 243
1419, 1419, 219
1420, 1420, 204
1421, 1421, 247
1422, 1422, 247
1423, 1423, 231
1424, 1424, 240
1425, 1425, 227
1426, 1426, 235
1427, 1427, 243
1428, 1428, 264
1429, 1429, 229
1430, 1430, 215
1431, 1431, 259
1432, 1432, 244
1433, 1433, 239
1434, 1434, 235
1435, 1435, 230
1436, 1436, 265
1437, 1437, 245
1438, 1438, 260
1439, 1439, 265
1440, 1440, 255
1441, 1441, 267
1442, 1442, 276
1443, 1443, 240
1444, 1444, 264
1445, 1445, 287
1446, 1446, 302
1447, 1447, 305
1448, 1448, 265
1449, 1449, 285
1450, 1450, 269
1451, 1451, 317
1452, 1452, 329
1453, 1453, 311
1454, 1454, 282
1455, 1455, 309
1456, 1456, 327
1457, 1457, 344
1458, 1458, 362
1459, 1459, 337
1460, 1460, 328
1461, 1461, 368
1462, 1462, 325
1463, 1463, 353
1464, 1464, 380
1465, 1465, 379
1466, 1466, 424
1467, 1467, 382
1468, 1468, 409
1469, 1469, 395
1470, 1470, 432
1471, 1471, 444
1472, 1472, 433
1473, 1473, 444
1474, 1474, 426
1475, 1475, 472
1476, 1476, 514
1477, 1477, 501
1478, 1478, 470
1479, 1479, 516
1480, 1480, 523
1481, 1481, 551
1482, 1482, 527
1483, 1483, 515
1484, 1484, 525
1485, 1485, 580
1486, 1486, 582
1487, 1487, 571
1488, 1488, 634
1489, 1489, 598
1490, 1490, 616
1491, 1491, 592
1492, 1492, 650
1493, 1493, 659
1494, 1494, 717
1495, 1495, 672
1496, 1496, 646
1497, 1497, 685
1498, 1498, 689
1499, 1499, 634
1500, 1500, 656
1501, 1501, 714
1502, 1502, 740
1503, 1503, 664
1504, 1504, 767
1505, 1505, 766
1506, 1506, 782
1507, 1507, 731
1508, 1508, 727
1509, 1509, 750
1510, 1510, 707
1511, 1511, 756
1512, 1512, 774
1513, 1513, 728
1514, 1514, 764
1515, 1515, 858
1516, 1516, 745
1517, 1517, 776
1518, 1518, 774
1519, 1519, 753
1520, 1520, 787
1521, 1521, 763
1522, 1522, 814
1523, 1523, 716
1524, 1524, 770
1525, 1525, 722
1526, 1526, 764
1527, 1527, 742
1528, 1528, 722
1529, 1529, 722
1530, 1530, 741
1531, 1531, 735
1532, 1532, 684
1533, 1533, 738
1534, 1534, 715
1535, 1535, 742
1536, 1536, 717
1537, 1537, 647
1538, 1538, 712
1539, 1539, 712
1540, 1540, 658
1541, 1541, 685
1542, 1542, 685
1543, 1543, 639
1544, 1544, 586
1545, 1545, 645
1546, 1546, 606
1547, 1547, 622
1548, 1548, 576
1549, 1549, 638
1550, 1550, 541
1551, 1551, 538
1552, 1552, 569
1553, 1553, 516
1554, 1554, 545
1555, 1555, 543
1556, 1556, 520
1557, 1557, 461
1558, 1558, 497
1559, 1559, 446
1560, 1560, 456
1561, 1561, 494
1562, 1562, 447
1563, 1563, 415
1564, 1564, 436
1565, 1565, 391
1566, 1566, 395
1567, 1567, 357
1568, 1568, 393
1569, 1569, 384
1570, 1570, 319
1571, 1571, 377
1572, 1572, 328
1573, 1573, 321
1574, 1574, 336
1575, 1575, 350
1576, 1576, 309
1577, 1577, 311
1578, 1578, 255
1579, 1579, 270
1580, 1580, 267
1581, 1581, 287
1582, 1582, 258
1583, 1583, 256
1584, 1584, 233
1585, 1585, 226
1586, 1586, 244
1587, 1587, 220
1588, 1588, 273
1589, 1589, 208
1590, 1590, 221
1591, 1591, 207
1592, 1592, 202
1593, 1593, 201
1594, 1594, 176
1595, 1595, 165
1596, 1596, 172
1597, 1597, 163
1598, 1598, 156
1599, 1599, 146
1600, 1600, 149
1601, 1601, 174
1602, 1602, 158
1603, 1603, 143
1604, 1604, 126
1605, 1605, 143
1606, 1606, 137
1607, 1607, 133
1608, 1608, 129
1609, 1609, 134
1610, 1610, 109
1611, 1611, 123
1612, 1612, 134
1613, 1613, 128
1614, 1614, 104
1615, 1615, 112
1616, 1616, 128
1617, 1617, 109
1618, 1618, 118
1619, 1619, 127
1620, 1620, 113
1621, 1621, 127
1622, 1622, 112
1623, 1623, 101
1624, 1624, 114
1625, 1625, 106
1626, 1626, 118
1627, 1627, 111
1628, 1628, 101
1629, 1629, 121
1630, 1630, 109
1631, 1631, 137
1632, 1632, 128
1633, 1633, 138
1634, 1634, 112
1635, 1635, 145
1636, 1636, 132
1637, 1637, 156
1638, 1638, 140
1639, 1639, 137
1640, 1640, 144
1641, 1641, 136
1642, 1642, 155
1643, 1643, 156
1644, 1644, 168
1645, 1645, 178
1646, 1646, 176
1647, 1647, 183
1648, 1648, 175
1649, 1649, 194
1650, 1650, 183
1651, 1651, 178
1652, 1652, 221
1653, 1653, 211
1654, 1654, 172
1655, 1655, 197
1656, 1656, 215
1657, 1657, 245
1658, 1658, 232
1659, 1659, 259
1660, 1660, 245
1661, 1661, 258
1662, 1662, 251
1663, 1663, 275
1664, 1664, 252
1665, 1665, 239
1666, 1666, 289
1667, 1667, 309
1668, 1668, 279
1669, 1669, 272
1670, 1670, 329
1671, 1671, 305
1672, 1672, 323
1673, 1673, 326
1674, 1674, 370
1675, 1675, 361
1676, 1676, 353
1677, 1677, 374
1678, 1678, 348
1679, 1679, 399
1680, 1680, 357
1681, 1681, 369
1682, 1682, 400
1683, 1683, 424
1684, 1684, 376
1685, 1685, 423
1686, 1686, 424
1687, 1687, 472
1688, 1688, 466
1689, 1689, 446
1690, 1690, 477
1691, 1691, 481
1692, 1692, 470
1693, 1693, 485
1694, 1694, 498
1695, 1695, 514
1696, 1696, 518
1697, 1697, 507
1698, 1698, 490
1699, 1699, 573
1700, 1700, 531
1701, 1701, 498
1702, 1702, 544
1703, 1703, 529
1704, 1704, 548
1705, 1705, 578
1706, 1706, 553
1707, 1707, 596
1708, 1708, 558
1709, 1709, 550
1710, 1710, 551
1711, 1711, 585
1712, 1712, 630
1713, 1713, 600
1714, 1714, 572
1715, 1715, 599
1716, 1716, 573
1717, 1717, 613
1718, 1718, 614
1719, 1719, 591
1720, 1720, 621
1721, 1721, 597
1722, 1722, 568
1723, 1723, 592
1724, 1724, 566
1725, 1725, 646
1726, 1726, 596
1727, 1727, 544
1728, 1728, 585
1729, 1729, 567
1730, 1730, 558
1731, 1731, 510
1732, 1732, 550
1733, 1733, 580
1734, 1734, 546
1735, 1735, 574
1736, 1736, 537
1737, 1737, 547
1738, 1738, 544
1739, 1739, 490
1740, 1740, 508
1741, 1741, 520
1742, 1742, 510
1743, 1743, 556
1744, 1744, 463
1745, 1745, 524
1746, 1746, 481
1747, 1747, 474
1748, 1748, 480
1749, 1749, 462
1750, 1750, 425
1751, 1751, 452
1752, 1752, 444
1753, 1753, 414
1754, 1754, 437
1755, 1755, 401
1756, 1756, 388
1757, 1757, 399
1758, 1758, 386
1759, 1759, 407
1760, 1760, 405
1761, 1761, 406
1762, 1762, 380
1763, 1763, 347
1764, 1764, 348
1765, 1765, 383
1766, 1766, 350
1767, 1767, 322
1768, 1768, 303
1769, 1769, 321
1770, 1770, 299
1771, 1771, 319
1772, 1772, 273
1773, 1773, 286
1774, 1774, 281
1775, 1775, 265
1776, 1776, 292
1777, 1777, 234
1778, 1778, 235
1779, 1779, 256
1780, 1780, 246
1781, 1781, 238
1782, 1782, 228
1783, 1783, 207
1784, 1784, 201
1785, 1785, 199
1786, 1786, 181
1787, 1787, 180
1788, 1788, 177
1789, 1789, 171
1790, 1790, 183
1791, 1791, 175
1792, 1792, 165
1793, 1793, 142
1794, 1794, 146
1795, 1795, 145
1796, 1796, 152
1797, 1797, 144
1798, 1798, 120
1799, 1799, 138
1800, 1800, 123
1801, 1801, 101
1802, 1802, 120
1803, 1803, 104
1804, 1804, 115
1805, 1805, 99
1806, 1806, 90
1807, 1807, 116
1808, 1808, 100
1809, 1809, 81
1810, 1810, 94
1811, 1811, 99
1812, 1812, 92
1813, 1813, 78
1814, 1814, 79
1815, 1815, 74
1816, 1816, 70
1817, 1817, 80
1818, 1818, 57
1819, 1819, 72
1820, 1820, 70
1821, 1821, 81
1822, 1822, 63
1823, 1823, 70
1824, 1824, 63
1825, 1825, 54
1826, 1826, 66
1827, 1827, 51
1828, 1828, 60
1829, 1829, 66
1830, 1830, 49
1831, 1831, 62
1832, 1832, 65
1833, 1833, 61
1834, 1834, 56
1835, 1835, 48
1836, 1836, 42
1837, 1837, 42
1838, 1838, 42
1839, 1839, 55
1840, 1840, 42
1841, 1841, 30
1842, 1842, 54
1843, 1843, 56
1844, 1844, 39
1845, 1845, 61
1846, 1846, 48
1847, 1847, 50
1848, 1848, 47
1849, 1849, 30
1850, 1850, 65
1851, 1851, 40
1852, 1852, 38
1853, 1853, 49
1854, 1854, 57
1855, 1855, 56
1856, 1856, 41
1857, 1857, 47
1858, 1858, 42
1859, 1859, 44
1860, 1860, 51
1861, 1861, 42
1862, 1862, 42
1863, 1863, 46
1864, 1864, 47
1865, 1865, 47
1866, 1866, 35
1867, 1867, 43
1868, 1868, 53
1869, 1869, 38
1870, 1870, 43
1871, 1871, 36
1872, 1872, 37
1873, 1873, 34
1874, 1874, 47
1875, 1875, 33
1876, 1876, 41
1877, 1877, 47
1878, 1878, 47
1879, 1879, 37
1880, 1880, 54
1881, 1881, 48
1882, 1882, 39
1883, 1883, 38
1884, 1884, 50
1885, 1885, 50
1886, 1886, 53
1887, 1887, 35
1888, 1888, 47
1889, 1889, 45
1890, 1890, 50
1891, 1891, 36
1892, 1892, 35
1893, 1893, 29
1894, 1894, 34
1895, 1895, 35
1896, 1896, 37
1897, 1897, 39
1898, 1898, 36
1899, 1899, 40
1900, 1900, 38
1901, 1901, 42
1902, 1902, 37
1903, 1903, 33
1904, 1904, 37
1905, 1905, 42
1906, 1906, 29
1907, 1907, 36
1908, 1908, 35
1909, 1909, 39
1910, 1910, 37
1911, 1911, 34
1912, 1912, 39
1913, 1913, 32
1914, 1914, 38
1915, 1915, 40
1916, 1916, 45
1917, 1917, 27
1918, 1918, 37
1919, 1919, 39
1920, 1920, 40
1921, 1921, 37
1922, 1922, 31
1923, 1923, 27
1924, 1924, 24
1925, 1925, 34
1926, 1926, 25
1927, 1927, 35
1928, 1928, 29
1929, 1929, 29
1930, 1930, 27
1931, 1931, 33
1932, 1932, 21
1933, 1933, 35
1934, 1934, 21
1935, 1935, 29
1936, 1936, 26
1937, 1937, 24
1938, 1938, 30
1939, 1939, 30
1940, 1940, 21
1941, 1941, 22
1942, 1942, 36
1943, 1943, 30
1944, 1944, 18
1945, 1945, 28
1946, 1946, 26
1947, 1947, 26
1948, 1948, 21
1949, 1949, 23
1950, 1950, 20
1951, 1951, 16
1952, 1952, 21
1953, 1953, 27
1954, 1954, 21
1955, 1955, 23
1956, 1956, 28
1957, 1957, 19
1958, 1958, 26
1959, 1959, 24
1960, 1960, 19
1961, 1961, 20
1962, 1962, 24
1963, 1963, 35
1964, 1964, 22
1965, 1965, 24
1966, 1966, 17
1967, 1967, 15
1968, 1968, 14
1969, 1969, 17
1970, 1970, 22
1971, 1971, 19
1972, 1972, 20
1973, 1973, 17
1974, 1974, 23
1975, 1975, 21
1976, 1976, 18
1977, 1977, 24
1978, 1978, 20
1979, 1979, 16
1980, 1980, 18
1981, 1981, 22
1982, 1982, 19
1983, 1983, 26
1984, 1984, 24
1985, 1985, 28
1986, 1986, 22
1987, 1987, 21
1988, 1988, 22
1989, 1989, 20
1990, 1990, 26
1991, 1991, 13
1992, 1992, 20
1993, 1993, 20
1994, 1994, 20
1995, 1995, 11
1996, 1996, 25
1997, 1997, 18
1998, 1998, 19
1999, 1999, 10
2000, 2000, 17
2001, 2001, 19
2002, 2002, 20
2003, 2003, 17
2004, 2004, 25
2005, 2005, 21
2006, 2006, 16
2007, 2007, 17
2008, 2008, 7
2009, 2009, 18
2010, 2010, 14
2011, 2011, 23
2012, 2012, 26
2013, 2013, 20
2014, 2014, 29
2015, 2015, 17
2016, 2016, 14
2017, 2017, 24
2018, 2018, 18
2019, 2019, 15
2020, 2020, 20
2021, 2021, 17
2022, 2022, 22
2023, 2023, 11
2024, 2024, 21
2025, 2025, 17
2026, 2026, 22
2027, 2027, 19
2028, 2028, 13
2029, 2029, 19
2030, 2030, 16
2031, 2031, 12
2032, 2032, 18
2033, 2033, 22
2034, 2034, 21
2035, 2035, 23
2036, 2036, 22
2037, 2037, 19
2038, 2038, 16
2039, 2039, 15
2040, 2040, 19
2041, 2041, 12
2042, 2042, 17
2043, 2043, 21
2044, 2044, 16
2045, 2045, 26
2046, 2046, 30
2047, 2047, 19
2048, 2048, 16
